image_name,lpips_score
1-21.png,0.3674
1-09.png,0.3666
1-08.png,0.3828
1-20.png,0.3559
1-22.png,0.3646
1-23.png,0.3761
1-27.png,0.3960
1-26.png,0.3920
1-18.png,0.3530
1-24.png,0.3828
1-30.png,0.4063
1-25.png,0.3902
1-19.png,0.3487
1-14.png,0.3540
1-28.png,0.4054
1-29.png,0.4037
1-15.png,0.3449
1-01.png,0.4339
1-17.png,0.3490
1-03.png,0.4380
1-02.png,0.4425
1-16.png,0.3578
1-12.png,0.3498
1-06.png,0.4131
1-07.png,0.3995
1-13.png,0.3518
1-05.png,0.4139
1-11.png,0.3481
1-10.png,0.3514
1-04.png,0.4269
1-42.png,0.3643
1-56.png,0.3855
1-57.png,0.3621
1-43.png,0.3561
1-55.png,0.3847
1-41.png,0.3626
1-40.png,0.3574
1-54.png,0.3866
1-50.png,0.3589
1-44.png,0.3564
1-45.png,0.3560
1-51.png,0.3713
1-47.png,0.3575
1-53.png,0.3824
1-52.png,0.3795
1-46.png,0.3603
1-21.png,0.3950
1-35.png,0.3731
1-09.png,0.4421
1-08.png,0.4388
1-34.png,0.3717
1-20.png,0.3970
1-36.png,0.3623
1-22.png,0.3899
1-23.png,0.3869
1-37.png,0.3595
1-33.png,0.3768
1-27.png,0.3812
1-26.png,0.3828
1-32.png,0.3746
1-18.png,0.3983
1-24.png,0.3843
1-30.png,0.3796
1-31.png,0.3815
1-25.png,0.3841
1-19.png,0.3976
1-14.png,0.4203
1-28.png,0.3840
1-29.png,0.3774
1-15.png,0.4168
1-01.png,0.4356
1-17.png,0.4012
1-03.png,0.4123
1-02.png,0.4178
1-16.png,0.4103
1-12.png,0.4269
1-06.png,0.4167
1-07.png,0.4349
1-13.png,0.4204
1-39.png,0.3619
1-05.png,0.4129
1-11.png,0.4342
1-10.png,0.4377
1-04.png,0.4105
1-38.png,0.3649
1-63.png,0.3661
1-62.png,0.3627
1-60.png,0.3635
1-48.png,0.3627
1-49.png,0.3605
1-61.png,0.3649
1-59.png,0.3642
1-64.png,0.3644
1-58.png,0.3652
1-42.png,0.3539
1-56.png,0.3672
1-57.png,0.3667
1-43.png,0.3510
1-55.png,0.3630
1-41.png,0.3561
1-40.png,0.3582
1-54.png,0.3703
1-50.png,0.3528
1-44.png,0.3532
1-45.png,0.3525
1-51.png,0.3580
1-47.png,0.3523
1-53.png,0.3611
1-52.png,0.3607
1-46.png,0.3520
1-21.png,0.3955
1-35.png,0.3624
1-09.png,0.4323
1-08.png,0.4283
1-34.png,0.3656
1-20.png,0.3982
1-36.png,0.3573
1-22.png,0.3940
1-23.png,0.3866
1-37.png,0.3579
1-33.png,0.3714
1-27.png,0.3839
1-26.png,0.3839
1-32.png,0.3693
1-18.png,0.4008
1-24.png,0.3852
1-30.png,0.3795
1-31.png,0.3808
1-25.png,0.3853
1-19.png,0.3986
1-14.png,0.4169
1-28.png,0.3857
1-29.png,0.3816
1-15.png,0.4131
1-01.png,0.4202
1-17.png,0.4031
1-03.png,0.4084
1-02.png,0.4117
1-16.png,0.4081
1-12.png,0.4220
1-06.png,0.4150
1-07.png,0.4265
1-13.png,0.4209
1-39.png,0.3561
1-05.png,0.4091
1-11.png,0.4309
1-10.png,0.4289
1-04.png,0.4086
1-38.png,0.3576
1-63.png,0.3638
1-62.png,0.3630
1-60.png,0.3655
1-48.png,0.3542
1-49.png,0.3540
1-61.png,0.3680
1-59.png,0.3670
1-64.png,0.3591
1-58.png,0.3699
1-21.png,0.3588
1-09.png,0.3616
1-08.png,0.3776
1-20.png,0.3496
1-22.png,0.3561
1-23.png,0.3675
1-27.png,0.3879
1-26.png,0.3855
1-18.png,0.3451
1-24.png,0.3780
1-30.png,0.3994
1-25.png,0.3862
1-19.png,0.3402
1-14.png,0.3450
1-28.png,0.3972
1-29.png,0.3974
1-15.png,0.3389
1-01.png,0.4311
1-17.png,0.3402
1-03.png,0.4303
1-02.png,0.4354
1-16.png,0.3517
1-12.png,0.3445
1-06.png,0.4069
1-07.png,0.3962
1-13.png,0.3458
1-05.png,0.4099
1-11.png,0.3431
1-10.png,0.3461
1-04.png,0.4199
1-21.png,0.4485
1-09.png,0.4069
1-08.png,0.3909
1-20.png,0.4431
1-22.png,0.4492
1-23.png,0.4569
1-27.png,0.4411
1-26.png,0.4497
1-18.png,0.4399
1-24.png,0.4657
1-25.png,0.4595
1-19.png,0.4396
1-14.png,0.4283
1-15.png,0.4301
1-01.png,0.4480
1-17.png,0.4312
1-03.png,0.4461
1-02.png,0.4529
1-16.png,0.4326
1-12.png,0.4327
1-06.png,0.4139
1-07.png,0.3949
1-13.png,0.4288
1-05.png,0.4287
1-11.png,0.4192
1-10.png,0.4150
1-04.png,0.4328
1-21.png,0.4424
1-09.png,0.4027
1-08.png,0.3886
1-20.png,0.4392
1-22.png,0.4480
1-23.png,0.4536
1-27.png,0.4505
1-26.png,0.4593
1-18.png,0.4414
1-24.png,0.4660
1-25.png,0.4719
1-19.png,0.4384
1-14.png,0.4229
1-15.png,0.4271
1-01.png,0.4450
1-17.png,0.4348
1-03.png,0.4424
1-02.png,0.4523
1-16.png,0.4292
1-12.png,0.4295
1-06.png,0.4121
1-07.png,0.3919
1-13.png,0.4250
1-05.png,0.4263
1-11.png,0.4170
1-10.png,0.4115
1-04.png,0.4289
1-1.png,0.3722
1-2.png,0.3591
1-1.png,0.3984
1-1.png,0.3904
1-09.png,0.4070
1-08.png,0.4105
1-01.png,0.4159
1-03.png,0.4211
1-02.png,0.4185
1-12.png,0.4145
1-06.png,0.4146
1-07.png,0.4109
1-05.png,0.4162
1-11.png,0.4103
1-10.png,0.4047
1-04.png,0.4280
1-21.png,0.3552
1-09.png,0.3783
1-08.png,0.3755
1-20.png,0.3558
1-22.png,0.3667
1-23.png,0.3760
1-27.png,0.3983
1-26.png,0.3894
1-18.png,0.3440
1-24.png,0.3735
1-25.png,0.3835
1-19.png,0.3466
1-14.png,0.3492
1-28.png,0.3964
1-29.png,0.3844
1-15.png,0.3554
1-01.png,0.4439
1-17.png,0.3527
1-03.png,0.4332
1-02.png,0.4425
1-16.png,0.3493
1-12.png,0.3643
1-06.png,0.3989
1-07.png,0.3846
1-13.png,0.3551
1-05.png,0.4151
1-11.png,0.3694
1-10.png,0.3766
1-04.png,0.4094
1-1.png,0.4184
1-21.png,0.3659
1-09.png,0.3649
1-08.png,0.3731
1-20.png,0.3661
1-22.png,0.3777
1-23.png,0.3973
1-27.png,0.4016
1-26.png,0.4056
1-18.png,0.3557
1-24.png,0.4011
1-25.png,0.4025
1-19.png,0.3564
1-14.png,0.3599
1-28.png,0.4007
1-29.png,0.4000
1-15.png,0.3612
1-01.png,0.4380
1-17.png,0.3546
1-03.png,0.4427
1-02.png,0.4363
1-16.png,0.3580
1-12.png,0.3495
1-06.png,0.4078
1-07.png,0.3905
1-13.png,0.3564
1-05.png,0.4196
1-11.png,0.3496
1-10.png,0.3505
1-04.png,0.4226
1-21.png,0.3506
1-09.png,0.3707
1-08.png,0.3739
1-20.png,0.3496
1-22.png,0.3613
1-23.png,0.3693
1-27.png,0.3983
1-26.png,0.3861
1-18.png,0.3304
1-24.png,0.3692
1-25.png,0.3817
1-19.png,0.3337
1-14.png,0.3479
1-28.png,0.4008
1-29.png,0.3899
1-15.png,0.3389
1-01.png,0.4431
1-17.png,0.3441
1-03.png,0.4357
1-02.png,0.4365
1-16.png,0.3469
1-12.png,0.3620
1-06.png,0.3992
1-07.png,0.3841
1-13.png,0.3515
1-05.png,0.4136
1-11.png,0.3526
1-10.png,0.3751
1-04.png,0.4101
1-21.png,0.3576
1-09.png,0.3587
1-08.png,0.3700
1-20.png,0.3607
1-22.png,0.3693
1-23.png,0.3950
1-27.png,0.4006
1-26.png,0.4070
1-18.png,0.3523
1-24.png,0.4019
1-25.png,0.4091
1-19.png,0.3478
1-14.png,0.3514
1-28.png,0.3978
1-29.png,0.3978
1-15.png,0.3559
1-01.png,0.4375
1-17.png,0.3488
1-03.png,0.4391
1-02.png,0.4336
1-16.png,0.3515
1-12.png,0.3435
1-06.png,0.4031
1-07.png,0.3842
1-13.png,0.3498
1-05.png,0.4167
1-11.png,0.3427
1-10.png,0.3471
1-04.png,0.4203
1-42.png,0.3607
1-43.png,0.3554
1-41.png,0.3564
1-40.png,0.3607
1-54.png,0.3599
1-50.png,0.3604
1-44.png,0.3637
1-45.png,0.3704
1-51.png,0.3639
1-47.png,0.3664
1-53.png,0.3613
1-52.png,0.3551
1-46.png,0.3687
1-21.png,0.3547
1-35.png,0.3668
1-09.png,0.4227
1-08.png,0.4303
1-34.png,0.3651
1-20.png,0.3550
1-36.png,0.3552
1-22.png,0.3523
1-23.png,0.3492
1-37.png,0.3570
1-33.png,0.3655
1-27.png,0.3398
1-26.png,0.3392
1-32.png,0.3595
1-18.png,0.3490
1-24.png,0.3521
1-30.png,0.3583
1-31.png,0.3558
1-25.png,0.3438
1-19.png,0.3503
1-14.png,0.3519
1-28.png,0.3357
1-29.png,0.3445
1-15.png,0.3627
1-01.png,0.4881
1-17.png,0.3448
1-03.png,0.4780
1-02.png,0.4792
1-16.png,0.3463
1-12.png,0.3761
1-06.png,0.4664
1-07.png,0.4519
1-13.png,0.3531
1-39.png,0.3447
1-05.png,0.4679
1-11.png,0.3908
1-10.png,0.4075
1-04.png,0.4672
1-38.png,0.3488
1-48.png,0.3636
1-49.png,0.3693
1-42.png,0.3555
1-43.png,0.3477
1-41.png,0.3547
1-40.png,0.3523
1-54.png,0.3597
1-50.png,0.3610
1-44.png,0.3562
1-45.png,0.3730
1-51.png,0.3624
1-47.png,0.3681
1-53.png,0.3588
1-52.png,0.3554
1-46.png,0.3731
1-21.png,0.3534
1-35.png,0.3462
1-09.png,0.4246
1-08.png,0.4399
1-34.png,0.3510
1-20.png,0.3490
1-36.png,0.3381
1-22.png,0.3505
1-23.png,0.3470
1-37.png,0.3484
1-33.png,0.3463
1-27.png,0.3386
1-26.png,0.3379
1-32.png,0.3552
1-18.png,0.3514
1-24.png,0.3502
1-30.png,0.3561
1-31.png,0.3503
1-25.png,0.3394
1-19.png,0.3468
1-14.png,0.3633
1-28.png,0.3254
1-29.png,0.3367
1-15.png,0.3617
1-01.png,0.4704
1-17.png,0.3470
1-03.png,0.4579
1-02.png,0.4652
1-16.png,0.3498
1-12.png,0.3855
1-06.png,0.4490
1-07.png,0.4487
1-13.png,0.3648
1-39.png,0.3411
1-05.png,0.4531
1-11.png,0.4009
1-10.png,0.4167
1-04.png,0.4573
1-38.png,0.3427
1-48.png,0.3655
1-49.png,0.3630
1-21.png,0.3611
1-09.png,0.3944
1-08.png,0.4006
1-20.png,0.3540
1-22.png,0.3697
1-23.png,0.3711
1-27.png,0.3790
1-26.png,0.3794
1-18.png,0.3535
1-24.png,0.3829
1-25.png,0.3739
1-19.png,0.3457
1-14.png,0.3777
1-28.png,0.3664
1-29.png,0.3697
1-15.png,0.3729
1-01.png,0.4285
1-17.png,0.3528
1-03.png,0.4313
1-02.png,0.4287
1-16.png,0.3604
1-12.png,0.3864
1-06.png,0.4147
1-07.png,0.4155
1-13.png,0.3807
1-05.png,0.4123
1-11.png,0.3770
1-10.png,0.3785
1-04.png,0.4297
1-21.png,0.3631
1-09.png,0.3928
1-08.png,0.3983
1-20.png,0.3468
1-22.png,0.3705
1-23.png,0.3704
1-27.png,0.3827
1-26.png,0.3760
1-18.png,0.3486
1-24.png,0.3891
1-25.png,0.3708
1-19.png,0.3410
1-14.png,0.3777
1-28.png,0.3636
1-29.png,0.3619
1-15.png,0.3717
1-01.png,0.4250
1-17.png,0.3485
1-03.png,0.4356
1-02.png,0.4206
1-16.png,0.3518
1-12.png,0.3796
1-06.png,0.4113
1-07.png,0.4137
1-13.png,0.3747
1-05.png,0.4101
1-11.png,0.3699
1-10.png,0.3737
1-04.png,0.4288
1-21.png,0.3725
1-09.png,0.3805
1-08.png,0.3810
1-20.png,0.3630
1-22.png,0.3713
1-23.png,0.3766
1-27.png,0.3967
1-26.png,0.3905
1-18.png,0.3507
1-24.png,0.3814
1-30.png,0.3926
1-31.png,0.3821
1-25.png,0.3850
1-19.png,0.3531
1-14.png,0.3679
1-28.png,0.3864
1-29.png,0.3915
1-15.png,0.3563
1-01.png,0.4327
1-17.png,0.3552
1-03.png,0.4315
1-02.png,0.4295
1-16.png,0.3485
1-12.png,0.3655
1-06.png,0.4171
1-07.png,0.3922
1-13.png,0.3696
1-05.png,0.4133
1-11.png,0.3735
1-10.png,0.3738
1-04.png,0.4364
1-42.png,0.3825
1-43.png,0.3789
1-55.png,0.3828
1-41.png,0.3836
1-40.png,0.3858
1-54.png,0.3854
1-50.png,0.3735
1-44.png,0.3812
1-45.png,0.3855
1-51.png,0.3775
1-47.png,0.3792
1-53.png,0.3823
1-52.png,0.3853
1-46.png,0.3760
1-21.png,0.3460
1-35.png,0.3725
1-09.png,0.4104
1-08.png,0.4156
1-34.png,0.3650
1-20.png,0.3507
1-36.png,0.3746
1-22.png,0.3441
1-23.png,0.3363
1-37.png,0.3682
1-33.png,0.3610
1-27.png,0.3344
1-26.png,0.3334
1-32.png,0.3484
1-18.png,0.3574
1-24.png,0.3344
1-30.png,0.3411
1-31.png,0.3385
1-25.png,0.3233
1-19.png,0.3533
1-14.png,0.3931
1-28.png,0.3306
1-29.png,0.3352
1-15.png,0.3830
1-01.png,0.4230
1-17.png,0.3667
1-03.png,0.4433
1-02.png,0.4308
1-16.png,0.3732
1-12.png,0.4052
1-06.png,0.4420
1-07.png,0.4327
1-13.png,0.3987
1-39.png,0.3871
1-05.png,0.4436
1-11.png,0.4083
1-10.png,0.4147
1-04.png,0.4413
1-38.png,0.3737
1-48.png,0.3746
1-49.png,0.3674
1-42.png,0.3807
1-43.png,0.3831
1-55.png,0.3692
1-41.png,0.3908
1-40.png,0.3888
1-54.png,0.3694
1-50.png,0.3639
1-44.png,0.3804
1-45.png,0.3819
1-51.png,0.3709
1-47.png,0.3676
1-53.png,0.3716
1-52.png,0.3726
1-46.png,0.3727
1-21.png,0.3459
1-35.png,0.3722
1-09.png,0.4088
1-08.png,0.4219
1-34.png,0.3611
1-20.png,0.3478
1-36.png,0.3758
1-22.png,0.3438
1-23.png,0.3369
1-37.png,0.3701
1-33.png,0.3522
1-27.png,0.3296
1-26.png,0.3221
1-32.png,0.3453
1-18.png,0.3609
1-24.png,0.3323
1-30.png,0.3339
1-31.png,0.3373
1-25.png,0.3169
1-19.png,0.3557
1-14.png,0.3941
1-28.png,0.3301
1-29.png,0.3329
1-15.png,0.3826
1-01.png,0.4149
1-17.png,0.3742
1-03.png,0.4320
1-02.png,0.4236
1-16.png,0.3777
1-12.png,0.4010
1-06.png,0.4348
1-07.png,0.4380
1-13.png,0.3996
1-39.png,0.3923
1-05.png,0.4359
1-11.png,0.4026
1-10.png,0.4027
1-04.png,0.4382
1-38.png,0.3791
1-48.png,0.3724
1-49.png,0.3632
1-21.png,0.3697
1-09.png,0.3273
1-08.png,0.3325
1-20.png,0.3481
1-22.png,0.3708
1-23.png,0.3733
1-18.png,0.3200
1-24.png,0.3812
1-19.png,0.3342
1-14.png,0.3276
1-15.png,0.3163
1-01.png,0.4043
1-17.png,0.3074
1-03.png,0.3998
1-02.png,0.3995
1-16.png,0.3172
1-12.png,0.3286
1-06.png,0.3562
1-07.png,0.3379
1-13.png,0.3154
1-05.png,0.3743
1-11.png,0.3267
1-10.png,0.3291
1-04.png,0.3876
1-21.png,0.3648
1-09.png,0.3777
1-08.png,0.3766
1-20.png,0.3539
1-22.png,0.3651
1-23.png,0.3663
1-27.png,0.3905
1-26.png,0.3819
1-18.png,0.3440
1-24.png,0.3743
1-30.png,0.3852
1-31.png,0.3760
1-25.png,0.3817
1-19.png,0.3451
1-14.png,0.3590
1-28.png,0.3873
1-29.png,0.3869
1-15.png,0.3484
1-01.png,0.4332
1-17.png,0.3483
1-03.png,0.4316
1-02.png,0.4317
1-16.png,0.3419
1-12.png,0.3581
1-06.png,0.4132
1-07.png,0.3887
1-13.png,0.3626
1-05.png,0.4132
1-11.png,0.3699
1-10.png,0.3706
1-04.png,0.4359
1-42.png,0.3352
1-43.png,0.3440
1-41.png,0.3307
1-40.png,0.3255
1-50.png,0.3683
1-44.png,0.3541
1-45.png,0.3606
1-51.png,0.3682
1-47.png,0.3634
1-46.png,0.3639
1-21.png,0.3192
1-35.png,0.3137
1-09.png,0.3639
1-08.png,0.3708
1-34.png,0.3102
1-20.png,0.3232
1-36.png,0.3072
1-22.png,0.3209
1-23.png,0.3173
1-37.png,0.3119
1-33.png,0.3114
1-27.png,0.3132
1-26.png,0.3132
1-32.png,0.3121
1-18.png,0.3249
1-24.png,0.3260
1-30.png,0.3126
1-31.png,0.3107
1-25.png,0.3181
1-19.png,0.3267
1-14.png,0.3318
1-28.png,0.3023
1-29.png,0.3101
1-15.png,0.3306
1-01.png,0.3882
1-17.png,0.3249
1-03.png,0.3839
1-02.png,0.3877
1-16.png,0.3319
1-12.png,0.3449
1-06.png,0.3850
1-07.png,0.3764
1-13.png,0.3360
1-39.png,0.3216
1-05.png,0.3866
1-11.png,0.3561
1-10.png,0.3647
1-04.png,0.3837
1-38.png,0.3165
1-48.png,0.3670
1-49.png,0.3648
1-21.png,0.3390
1-35.png,0.3314
1-09.png,0.3618
1-08.png,0.3643
1-34.png,0.3331
1-20.png,0.3404
1-22.png,0.3365
1-23.png,0.3360
1-33.png,0.3302
1-27.png,0.3317
1-26.png,0.3312
1-32.png,0.3287
1-18.png,0.3468
1-24.png,0.3356
1-30.png,0.3325
1-31.png,0.3298
1-25.png,0.3378
1-19.png,0.3412
1-14.png,0.3660
1-28.png,0.3331
1-29.png,0.3321
1-15.png,0.3655
1-01.png,0.3923
1-17.png,0.3444
1-03.png,0.3877
1-02.png,0.3879
1-16.png,0.3558
1-12.png,0.3631
1-06.png,0.3757
1-07.png,0.3734
1-13.png,0.3544
1-05.png,0.3800
1-11.png,0.3618
1-10.png,0.3607
1-04.png,0.3790
1-21.png,0.3263
1-35.png,0.3309
1-09.png,0.3508
1-08.png,0.3579
1-34.png,0.3274
1-20.png,0.3298
1-36.png,0.3319
1-22.png,0.3229
1-23.png,0.3237
1-33.png,0.3266
1-27.png,0.3339
1-26.png,0.3357
1-32.png,0.3291
1-18.png,0.3331
1-24.png,0.3328
1-30.png,0.3348
1-31.png,0.3349
1-25.png,0.3335
1-19.png,0.3313
1-14.png,0.3437
1-28.png,0.3276
1-29.png,0.3345
1-15.png,0.3433
1-01.png,0.3917
1-17.png,0.3415
1-03.png,0.3890
1-02.png,0.3918
1-16.png,0.3459
1-12.png,0.3528
1-06.png,0.3797
1-07.png,0.3653
1-13.png,0.3461
1-05.png,0.3780
1-11.png,0.3521
1-10.png,0.3496
1-04.png,0.3829
1-21.png,0.3364
1-35.png,0.3373
1-09.png,0.3611
1-08.png,0.3655
1-34.png,0.3399
1-20.png,0.3370
1-22.png,0.3327
1-23.png,0.3334
1-33.png,0.3346
1-27.png,0.3293
1-26.png,0.3307
1-32.png,0.3307
1-18.png,0.3439
1-24.png,0.3324
1-30.png,0.3367
1-31.png,0.3330
1-25.png,0.3357
1-19.png,0.3379
1-14.png,0.3663
1-28.png,0.3306
1-29.png,0.3309
1-15.png,0.3689
1-01.png,0.3939
1-17.png,0.3436
1-03.png,0.3891
1-02.png,0.3892
1-16.png,0.3587
1-12.png,0.3644
1-06.png,0.3798
1-07.png,0.3760
1-13.png,0.3586
1-05.png,0.3806
1-11.png,0.3643
1-10.png,0.3621
1-04.png,0.3829
1-21.png,0.3381
1-35.png,0.3266
1-09.png,0.3637
1-08.png,0.3648
1-34.png,0.3288
1-20.png,0.3347
1-36.png,0.3284
1-22.png,0.3234
1-23.png,0.3238
1-33.png,0.3241
1-27.png,0.3368
1-26.png,0.3366
1-32.png,0.3246
1-18.png,0.3348
1-24.png,0.3230
1-30.png,0.3313
1-31.png,0.3303
1-25.png,0.3365
1-19.png,0.3344
1-14.png,0.3418
1-28.png,0.3336
1-29.png,0.3299
1-15.png,0.3428
1-01.png,0.3948
1-17.png,0.3418
1-03.png,0.3881
1-02.png,0.3939
1-16.png,0.3445
1-12.png,0.3542
1-06.png,0.3660
1-07.png,0.3697
1-13.png,0.3456
1-05.png,0.3784
1-11.png,0.3571
1-10.png,0.3502
1-04.png,0.3819
1-21.png,0.3292
1-09.png,0.3259
1-08.png,0.3254
1-20.png,0.3272
1-18.png,0.3113
1-19.png,0.3174
1-14.png,0.3142
1-15.png,0.3207
1-01.png,0.3239
1-17.png,0.3126
1-03.png,0.3264
1-02.png,0.3232
1-16.png,0.3142
1-12.png,0.3161
1-06.png,0.3198
1-07.png,0.3210
1-13.png,0.3102
1-05.png,0.3187
1-11.png,0.3189
1-10.png,0.3225
1-04.png,0.3255
1-09.png,0.3256
1-08.png,0.3233
1-14.png,0.3194
1-15.png,0.3214
1-01.png,0.3235
1-03.png,0.3274
1-02.png,0.3227
1-16.png,0.3246
1-12.png,0.3168
1-06.png,0.3204
1-07.png,0.3279
1-13.png,0.3195
1-05.png,0.3184
1-11.png,0.3210
1-10.png,0.3196
1-04.png,0.3200
1-21.png,0.3242
1-09.png,0.3144
1-08.png,0.3155
1-20.png,0.3107
1-22.png,0.3272
1-18.png,0.3094
1-19.png,0.3096
1-14.png,0.3061
1-15.png,0.3037
1-01.png,0.3251
1-17.png,0.3046
1-03.png,0.3203
1-02.png,0.3228
1-16.png,0.3035
1-12.png,0.3048
1-06.png,0.3118
1-07.png,0.3157
1-13.png,0.3036
1-05.png,0.3113
1-11.png,0.3122
1-10.png,0.3105
1-04.png,0.3161
1-21.png,0.3196
1-09.png,0.3082
1-08.png,0.3084
1-20.png,0.3068
1-22.png,0.3167
1-23.png,0.3213
1-18.png,0.3042
1-19.png,0.3043
1-14.png,0.3067
1-15.png,0.3058
1-01.png,0.3173
1-17.png,0.3055
1-03.png,0.3095
1-02.png,0.3214
1-16.png,0.3041
1-12.png,0.2991
1-06.png,0.3083
1-07.png,0.3107
1-13.png,0.2975
1-05.png,0.3064
1-11.png,0.3030
1-10.png,0.3044
1-04.png,0.3070
1-42.png,0.4014
1-56.png,0.4196
1-57.png,0.4293
1-43.png,0.3997
1-55.png,0.4221
1-41.png,0.3991
1-40.png,0.4033
1-54.png,0.4213
1-50.png,0.4108
1-44.png,0.3989
1-45.png,0.4006
1-51.png,0.4185
1-47.png,0.3987
1-53.png,0.4209
1-52.png,0.4196
1-46.png,0.4027
1-21.png,0.3535
1-35.png,0.3872
1-09.png,0.4249
1-08.png,0.4414
1-34.png,0.3918
1-20.png,0.3485
1-36.png,0.3926
1-22.png,0.3517
1-23.png,0.3574
1-37.png,0.3994
1-33.png,0.3945
1-27.png,0.3747
1-26.png,0.3740
1-32.png,0.3914
1-18.png,0.3568
1-24.png,0.3648
1-30.png,0.3853
1-31.png,0.3921
1-25.png,0.3712
1-19.png,0.3483
1-14.png,0.3993
1-28.png,0.3840
1-29.png,0.3864
1-15.png,0.3925
1-01.png,0.4631
1-17.png,0.3700
1-03.png,0.4546
1-02.png,0.4647
1-16.png,0.3810
1-12.png,0.4029
1-06.png,0.4454
1-07.png,0.4437
1-13.png,0.4002
1-39.png,0.4035
1-05.png,0.4463
1-11.png,0.4166
1-10.png,0.4206
1-04.png,0.4448
1-38.png,0.3983
1-63.png,0.4168
1-62.png,0.4151
1-60.png,0.4204
1-48.png,0.4053
1-49.png,0.4114
1-61.png,0.4195
1-59.png,0.4288
1-65.png,0.4080
1-64.png,0.4189
1-58.png,0.4206
1-66.png,0.4083
1-42.png,0.3870
1-56.png,0.4209
1-57.png,0.4194
1-43.png,0.3860
1-55.png,0.4138
1-41.png,0.3924
1-40.png,0.4011
1-54.png,0.4123
1-50.png,0.4007
1-44.png,0.3958
1-45.png,0.3930
1-51.png,0.4052
1-47.png,0.3922
1-53.png,0.4102
1-52.png,0.4090
1-46.png,0.3883
1-21.png,0.3537
1-35.png,0.3838
1-09.png,0.4121
1-08.png,0.4222
1-34.png,0.3866
1-20.png,0.3474
1-36.png,0.3878
1-22.png,0.3550
1-23.png,0.3611
1-37.png,0.3900
1-33.png,0.3861
1-27.png,0.3644
1-26.png,0.3673
1-32.png,0.3795
1-18.png,0.3510
1-24.png,0.3618
1-30.png,0.3765
1-31.png,0.3814
1-25.png,0.3662
1-19.png,0.3491
1-14.png,0.3872
1-28.png,0.3788
1-29.png,0.3784
1-15.png,0.3860
1-01.png,0.4470
1-17.png,0.3641
1-03.png,0.4419
1-02.png,0.4469
1-16.png,0.3763
1-12.png,0.3940
1-06.png,0.4305
1-07.png,0.4269
1-13.png,0.3961
1-39.png,0.3970
1-05.png,0.4345
1-11.png,0.4022
1-10.png,0.4089
1-04.png,0.4309
1-38.png,0.3937
1-63.png,0.4100
1-62.png,0.4134
1-60.png,0.4126
1-48.png,0.3957
1-49.png,0.4002
1-61.png,0.4115
1-59.png,0.4196
1-65.png,0.4031
1-64.png,0.4047
1-58.png,0.4204
1-66.png,0.3996
1-42.png,0.3762
1-43.png,0.3692
1-41.png,0.3813
1-40.png,0.3808
1-21.png,0.3405
1-35.png,0.3819
1-09.png,0.3730
1-08.png,0.3748
1-34.png,0.3825
1-20.png,0.3419
1-36.png,0.3793
1-22.png,0.3429
1-23.png,0.3429
1-37.png,0.3752
1-33.png,0.3850
1-27.png,0.3539
1-26.png,0.3480
1-32.png,0.3776
1-18.png,0.3489
1-24.png,0.3366
1-30.png,0.3685
1-31.png,0.3766
1-25.png,0.3471
1-19.png,0.3507
1-14.png,0.3574
1-28.png,0.3564
1-29.png,0.3686
1-15.png,0.3554
1-01.png,0.4196
1-17.png,0.3561
1-03.png,0.4144
1-02.png,0.4138
1-16.png,0.3533
1-12.png,0.3559
1-06.png,0.3880
1-07.png,0.3825
1-13.png,0.3550
1-39.png,0.3708
1-05.png,0.3912
1-11.png,0.3628
1-10.png,0.3705
1-04.png,0.3976
1-38.png,0.3767
1-21.png,0.3563
1-09.png,0.3599
1-08.png,0.3695
1-34.png,0.3744
1-20.png,0.3496
1-22.png,0.3617
1-23.png,0.3759
1-33.png,0.3824
1-27.png,0.3808
1-26.png,0.3835
1-32.png,0.3818
1-18.png,0.3451
1-24.png,0.3779
1-30.png,0.3808
1-31.png,0.3740
1-25.png,0.3786
1-19.png,0.3385
1-14.png,0.3521
1-28.png,0.3811
1-29.png,0.3748
1-15.png,0.3513
1-01.png,0.4191
1-17.png,0.3461
1-03.png,0.3962
1-02.png,0.4133
1-16.png,0.3442
1-12.png,0.3599
1-06.png,0.3740
1-07.png,0.3704
1-13.png,0.3626
1-05.png,0.3840
1-11.png,0.3598
1-10.png,0.3555
1-04.png,0.3905
1-09.png,0.3620
1-08.png,0.3620
1-18.png,0.3504
1-19.png,0.3470
1-14.png,0.3521
1-15.png,0.3506
1-01.png,0.3803
1-17.png,0.3531
1-03.png,0.3740
1-02.png,0.3771
1-16.png,0.3515
1-12.png,0.3568
1-06.png,0.3674
1-07.png,0.3657
1-13.png,0.3543
1-05.png,0.3683
1-11.png,0.3579
1-10.png,0.3598
1-04.png,0.3711
1-09.png,0.3580
1-08.png,0.3587
1-14.png,0.3525
1-15.png,0.3493
1-01.png,0.3815
1-03.png,0.3768
1-02.png,0.3790
1-16.png,0.3475
1-12.png,0.3524
1-06.png,0.3709
1-07.png,0.3604
1-13.png,0.3529
1-05.png,0.3734
1-11.png,0.3526
1-10.png,0.3542
1-04.png,0.3740
1-1.png,0.3221
1-2.png,0.3669
1-1.png,0.3893
1-3.png,0.3222
1-2.png,0.3829
1-1.png,0.3837
1-42.png,0.3889
1-43.png,0.4014
1-41.png,0.3823
1-40.png,0.3818
1-50.png,0.3934
1-44.png,0.4099
1-45.png,0.4066
1-51.png,0.3879
1-47.png,0.4002
1-52.png,0.3862
1-46.png,0.4018
1-21.png,0.3692
1-35.png,0.3582
1-09.png,0.4188
1-08.png,0.4246
1-34.png,0.3634
1-20.png,0.3723
1-36.png,0.3635
1-22.png,0.3669
1-23.png,0.3658
1-37.png,0.3728
1-33.png,0.3593
1-27.png,0.3640
1-26.png,0.3604
1-32.png,0.3579
1-18.png,0.3799
1-24.png,0.3628
1-30.png,0.3457
1-31.png,0.3524
1-25.png,0.3607
1-19.png,0.3787
1-14.png,0.3921
1-28.png,0.3561
1-29.png,0.3526
1-15.png,0.3843
1-01.png,0.4273
1-17.png,0.3839
1-03.png,0.4234
1-02.png,0.4293
1-16.png,0.3810
1-12.png,0.4044
1-06.png,0.4364
1-07.png,0.4304
1-13.png,0.4001
1-39.png,0.3798
1-05.png,0.4302
1-11.png,0.4099
1-10.png,0.4146
1-04.png,0.4247
1-38.png,0.3782
1-48.png,0.3993
1-49.png,0.3994
1-42.png,0.3981
1-43.png,0.4109
1-41.png,0.3847
1-40.png,0.3914
1-50.png,0.4037
1-44.png,0.4129
1-45.png,0.4074
1-51.png,0.4063
1-47.png,0.3945
1-52.png,0.4070
1-46.png,0.3983
1-21.png,0.3654
1-35.png,0.3718
1-09.png,0.4176
1-08.png,0.4232
1-34.png,0.3697
1-20.png,0.3688
1-36.png,0.3707
1-22.png,0.3648
1-23.png,0.3691
1-37.png,0.3807
1-33.png,0.3666
1-27.png,0.3632
1-26.png,0.3657
1-32.png,0.3604
1-18.png,0.3757
1-24.png,0.3661
1-30.png,0.3602
1-31.png,0.3536
1-25.png,0.3649
1-19.png,0.3737
1-14.png,0.3923
1-28.png,0.3539
1-29.png,0.3582
1-15.png,0.3853
1-01.png,0.4335
1-17.png,0.3790
1-03.png,0.4347
1-02.png,0.4338
1-16.png,0.3799
1-12.png,0.4108
1-06.png,0.4414
1-07.png,0.4314
1-13.png,0.3986
1-39.png,0.3876
1-05.png,0.4395
1-11.png,0.4097
1-10.png,0.4117
1-04.png,0.4374
1-38.png,0.3895
1-48.png,0.4044
1-49.png,0.4099
1-1.png,0.4225
1-42.png,0.3755
1-56.png,0.4106
1-57.png,0.4112
1-43.png,0.3822
1-55.png,0.4083
1-41.png,0.3802
1-40.png,0.3766
1-54.png,0.3984
1-50.png,0.3944
1-44.png,0.3873
1-45.png,0.3915
1-51.png,0.3923
1-47.png,0.3886
1-53.png,0.4035
1-52.png,0.4074
1-46.png,0.4015
1-21.png,0.3526
1-35.png,0.3529
1-09.png,0.4208
1-08.png,0.4291
1-34.png,0.3467
1-20.png,0.3603
1-36.png,0.3478
1-22.png,0.3570
1-23.png,0.3583
1-37.png,0.3562
1-33.png,0.3502
1-27.png,0.3457
1-26.png,0.3537
1-32.png,0.3306
1-18.png,0.3669
1-24.png,0.3576
1-30.png,0.3361
1-31.png,0.3298
1-25.png,0.3534
1-19.png,0.3625
1-14.png,0.3908
1-28.png,0.3435
1-29.png,0.3382
1-15.png,0.3857
1-01.png,0.4510
1-17.png,0.3743
1-03.png,0.4375
1-02.png,0.4447
1-16.png,0.3783
1-12.png,0.4122
1-06.png,0.4356
1-07.png,0.4344
1-13.png,0.4018
1-39.png,0.3743
1-05.png,0.4373
1-11.png,0.4171
1-10.png,0.4234
1-04.png,0.4396
1-38.png,0.3647
1-48.png,0.3902
1-49.png,0.3989
1-42.png,0.3711
1-56.png,0.4003
1-57.png,0.3996
1-43.png,0.3760
1-55.png,0.3933
1-41.png,0.3708
1-40.png,0.3677
1-54.png,0.3975
1-50.png,0.3854
1-44.png,0.3803
1-45.png,0.3890
1-51.png,0.3882
1-47.png,0.3951
1-53.png,0.3859
1-52.png,0.3907
1-46.png,0.3917
1-21.png,0.3504
1-35.png,0.3411
1-09.png,0.4181
1-08.png,0.4277
1-34.png,0.3360
1-20.png,0.3554
1-36.png,0.3414
1-22.png,0.3493
1-23.png,0.3545
1-37.png,0.3489
1-33.png,0.3389
1-27.png,0.3387
1-26.png,0.3414
1-32.png,0.3322
1-18.png,0.3660
1-24.png,0.3511
1-30.png,0.3278
1-31.png,0.3272
1-25.png,0.3452
1-19.png,0.3624
1-14.png,0.3861
1-28.png,0.3407
1-29.png,0.3358
1-15.png,0.3862
1-01.png,0.4434
1-17.png,0.3713
1-03.png,0.4274
1-02.png,0.4374
1-16.png,0.3776
1-12.png,0.4080
1-06.png,0.4293
1-07.png,0.4348
1-13.png,0.3961
1-39.png,0.3595
1-05.png,0.4272
1-11.png,0.4112
1-10.png,0.4125
1-04.png,0.4254
1-38.png,0.3530
1-48.png,0.3922
1-49.png,0.3901
1-21.png,0.3529
1-09.png,0.3732
1-08.png,0.3758
1-20.png,0.3487
1-22.png,0.3761
1-23.png,0.3803
1-27.png,0.3859
1-26.png,0.3864
1-18.png,0.3275
1-24.png,0.3818
1-25.png,0.3880
1-19.png,0.3331
1-14.png,0.3457
1-15.png,0.3384
1-01.png,0.4309
1-17.png,0.3263
1-03.png,0.4236
1-02.png,0.4322
1-16.png,0.3283
1-12.png,0.3480
1-06.png,0.3862
1-07.png,0.3771
1-13.png,0.3507
1-05.png,0.3941
1-11.png,0.3522
1-10.png,0.3593
1-04.png,0.4111
1-21.png,0.3187
1-09.png,0.3639
1-08.png,0.3734
1-20.png,0.3214
1-22.png,0.3091
1-23.png,0.3107
1-27.png,0.3227
1-26.png,0.3217
1-18.png,0.3306
1-24.png,0.3140
1-25.png,0.3111
1-19.png,0.3339
1-14.png,0.3504
1-15.png,0.3468
1-01.png,0.4050
1-17.png,0.3293
1-03.png,0.4049
1-02.png,0.4090
1-16.png,0.3344
1-12.png,0.3507
1-06.png,0.3955
1-07.png,0.3878
1-13.png,0.3518
1-05.png,0.3956
1-11.png,0.3553
1-10.png,0.3608
1-04.png,0.4032
1-42.png,0.3528
1-43.png,0.3614
1-41.png,0.3476
1-40.png,0.3462
1-54.png,0.3834
1-50.png,0.3772
1-44.png,0.3713
1-45.png,0.3734
1-51.png,0.3802
1-47.png,0.3784
1-53.png,0.3812
1-52.png,0.3797
1-46.png,0.3745
1-21.png,0.3547
1-35.png,0.3252
1-09.png,0.3925
1-08.png,0.3978
1-34.png,0.3211
1-20.png,0.3586
1-36.png,0.3290
1-22.png,0.3530
1-23.png,0.3536
1-37.png,0.3311
1-33.png,0.3229
1-27.png,0.3484
1-26.png,0.3508
1-32.png,0.3252
1-18.png,0.3750
1-24.png,0.3488
1-30.png,0.3333
1-31.png,0.3265
1-25.png,0.3495
1-19.png,0.3622
1-14.png,0.3838
1-28.png,0.3411
1-29.png,0.3400
1-15.png,0.3789
1-01.png,0.4303
1-17.png,0.3763
1-03.png,0.4239
1-02.png,0.4277
1-16.png,0.3769
1-12.png,0.3813
1-06.png,0.4121
1-07.png,0.4039
1-13.png,0.3850
1-39.png,0.3410
1-05.png,0.4196
1-11.png,0.3853
1-10.png,0.3896
1-04.png,0.4207
1-38.png,0.3318
1-48.png,0.3805
1-49.png,0.3816
1-42.png,0.3410
1-56.png,0.3680
1-57.png,0.3728
1-43.png,0.3388
1-55.png,0.3665
1-41.png,0.3401
1-40.png,0.3385
1-54.png,0.3652
1-50.png,0.3547
1-44.png,0.3379
1-45.png,0.3414
1-51.png,0.3602
1-47.png,0.3437
1-53.png,0.3658
1-52.png,0.3650
1-46.png,0.3442
1-21.png,0.3540
1-35.png,0.3392
1-09.png,0.3860
1-08.png,0.3875
1-34.png,0.3345
1-20.png,0.3547
1-36.png,0.3403
1-22.png,0.3534
1-23.png,0.3529
1-37.png,0.3321
1-33.png,0.3290
1-27.png,0.3465
1-26.png,0.3553
1-32.png,0.3344
1-18.png,0.3554
1-24.png,0.3530
1-30.png,0.3437
1-31.png,0.3410
1-25.png,0.3566
1-19.png,0.3566
1-14.png,0.3697
1-28.png,0.3496
1-29.png,0.3438
1-15.png,0.3692
1-01.png,0.3990
1-17.png,0.3593
1-03.png,0.3890
1-02.png,0.3918
1-16.png,0.3646
1-12.png,0.3782
1-06.png,0.3908
1-07.png,0.3868
1-13.png,0.3748
1-39.png,0.3387
1-05.png,0.3900
1-11.png,0.3833
1-10.png,0.3830
1-04.png,0.3910
1-38.png,0.3338
1-63.png,0.3748
1-62.png,0.3743
1-60.png,0.3718
1-48.png,0.3453
1-49.png,0.3504
1-61.png,0.3721
1-59.png,0.3748
1-65.png,0.3755
1-64.png,0.3751
1-58.png,0.3750
1-66.png,0.3736
1-1.png,0.4198
1-1.png,0.4282
1-42.png,0.3374
1-56.png,0.3639
1-57.png,0.3683
1-43.png,0.3357
1-55.png,0.3618
1-41.png,0.3364
1-40.png,0.3339
1-54.png,0.3613
1-50.png,0.3523
1-44.png,0.3366
1-45.png,0.3384
1-51.png,0.3560
1-47.png,0.3421
1-53.png,0.3597
1-52.png,0.3599
1-46.png,0.3414
1-21.png,0.3531
1-35.png,0.3357
1-09.png,0.3859
1-08.png,0.3860
1-34.png,0.3313
1-20.png,0.3546
1-36.png,0.3347
1-22.png,0.3535
1-23.png,0.3532
1-37.png,0.3341
1-33.png,0.3270
1-27.png,0.3452
1-26.png,0.3526
1-32.png,0.3310
1-18.png,0.3593
1-24.png,0.3521
1-30.png,0.3400
1-31.png,0.3362
1-25.png,0.3546
1-19.png,0.3591
1-14.png,0.3733
1-28.png,0.3462
1-29.png,0.3431
1-15.png,0.3725
1-01.png,0.3964
1-17.png,0.3621
1-03.png,0.3870
1-02.png,0.3881
1-16.png,0.3677
1-12.png,0.3786
1-06.png,0.3905
1-07.png,0.3844
1-13.png,0.3775
1-39.png,0.3344
1-05.png,0.3880
1-11.png,0.3824
1-10.png,0.3836
1-04.png,0.3883
1-38.png,0.3344
1-63.png,0.3712
1-62.png,0.3698
1-60.png,0.3686
1-48.png,0.3451
1-49.png,0.3480
1-61.png,0.3670
1-59.png,0.3699
1-65.png,0.3721
1-64.png,0.3720
1-58.png,0.3697
1-66.png,0.3700
1-1.png,0.4263
1-1.png,0.4141
1-42.png,0.3772
1-56.png,0.4298
1-43.png,0.3776
1-55.png,0.4322
1-41.png,0.3763
1-40.png,0.3723
1-54.png,0.4248
1-50.png,0.4142
1-44.png,0.3881
1-45.png,0.3955
1-51.png,0.4171
1-47.png,0.3955
1-53.png,0.4159
1-52.png,0.4222
1-46.png,0.3981
1-21.png,0.3686
1-35.png,0.3588
1-09.png,0.4114
1-08.png,0.4114
1-34.png,0.3526
1-20.png,0.3700
1-36.png,0.3576
1-22.png,0.3597
1-23.png,0.3616
1-37.png,0.3609
1-33.png,0.3461
1-27.png,0.3504
1-26.png,0.3552
1-32.png,0.3448
1-18.png,0.3753
1-24.png,0.3531
1-30.png,0.3398
1-31.png,0.3429
1-25.png,0.3550
1-19.png,0.3713
1-14.png,0.3909
1-28.png,0.3472
1-29.png,0.3369
1-15.png,0.3880
1-01.png,0.4253
1-17.png,0.3812
1-03.png,0.4213
1-02.png,0.4197
1-16.png,0.3832
1-12.png,0.3985
1-06.png,0.4246
1-07.png,0.4122
1-13.png,0.3976
1-39.png,0.3709
1-05.png,0.4299
1-11.png,0.4045
1-10.png,0.4038
1-04.png,0.4264
1-38.png,0.3626
1-48.png,0.4065
1-49.png,0.4064
1-2.png,0.4320
1-1.png,0.4337
1-42.png,0.3779
1-56.png,0.4380
1-43.png,0.3761
1-55.png,0.4417
1-41.png,0.3779
1-40.png,0.3740
1-54.png,0.4414
1-50.png,0.4146
1-44.png,0.3910
1-45.png,0.3898
1-51.png,0.4130
1-47.png,0.3995
1-53.png,0.4299
1-52.png,0.4289
1-46.png,0.3965
1-21.png,0.3670
1-35.png,0.3610
1-09.png,0.4228
1-08.png,0.4228
1-34.png,0.3533
1-20.png,0.3710
1-36.png,0.3613
1-22.png,0.3605
1-23.png,0.3619
1-37.png,0.3616
1-33.png,0.3482
1-27.png,0.3509
1-26.png,0.3572
1-32.png,0.3481
1-18.png,0.3771
1-24.png,0.3557
1-30.png,0.3428
1-31.png,0.3535
1-25.png,0.3555
1-19.png,0.3711
1-14.png,0.3935
1-28.png,0.3446
1-29.png,0.3426
1-15.png,0.3882
1-01.png,0.4402
1-17.png,0.3820
1-03.png,0.4343
1-02.png,0.4334
1-16.png,0.3853
1-12.png,0.4053
1-06.png,0.4366
1-07.png,0.4248
1-13.png,0.4031
1-39.png,0.3751
1-05.png,0.4420
1-11.png,0.4102
1-10.png,0.4114
1-04.png,0.4379
1-38.png,0.3671
1-48.png,0.4047
1-49.png,0.4040
1-42.png,0.3472
1-56.png,0.3960
1-57.png,0.3941
1-43.png,0.3494
1-55.png,0.4031
1-41.png,0.3453
1-40.png,0.3420
1-54.png,0.4036
1-50.png,0.3896
1-44.png,0.3660
1-45.png,0.3653
1-51.png,0.3927
1-47.png,0.3788
1-53.png,0.4013
1-52.png,0.4039
1-46.png,0.3645
1-21.png,0.3571
1-35.png,0.3262
1-09.png,0.4067
1-08.png,0.4146
1-34.png,0.3215
1-20.png,0.3588
1-36.png,0.3317
1-22.png,0.3491
1-23.png,0.3454
1-37.png,0.3345
1-33.png,0.3207
1-27.png,0.3387
1-26.png,0.3359
1-32.png,0.3273
1-18.png,0.3671
1-24.png,0.3364
1-30.png,0.3271
1-31.png,0.3345
1-25.png,0.3352
1-19.png,0.3652
1-14.png,0.3834
1-28.png,0.3306
1-29.png,0.3220
1-15.png,0.3781
1-01.png,0.4289
1-17.png,0.3743
1-03.png,0.4203
1-02.png,0.4243
1-16.png,0.3737
1-12.png,0.3961
1-06.png,0.4185
1-07.png,0.4188
1-13.png,0.3913
1-39.png,0.3424
1-05.png,0.4223
1-11.png,0.4041
1-10.png,0.4040
1-04.png,0.4229
1-38.png,0.3379
1-48.png,0.3790
1-49.png,0.3849
1-21.png,0.3510
1-09.png,0.3676
1-08.png,0.3754
1-20.png,0.3498
1-22.png,0.3713
1-23.png,0.3770
1-27.png,0.4074
1-26.png,0.4094
1-18.png,0.3467
1-24.png,0.3830
1-25.png,0.3937
1-19.png,0.3482
1-14.png,0.3332
1-28.png,0.4003
1-15.png,0.3390
1-01.png,0.4274
1-17.png,0.3291
1-03.png,0.4180
1-02.png,0.4270
1-16.png,0.3328
1-12.png,0.3405
1-06.png,0.3997
1-07.png,0.3809
1-13.png,0.3411
1-05.png,0.4082
1-11.png,0.3508
1-10.png,0.3599
1-04.png,0.4184
1-21.png,0.3750
1-09.png,0.3868
1-08.png,0.3925
1-20.png,0.3709
1-22.png,0.3805
1-23.png,0.3813
1-18.png,0.3448
1-24.png,0.3852
1-25.png,0.3862
1-19.png,0.3549
1-14.png,0.3436
1-15.png,0.3379
1-01.png,0.4156
1-17.png,0.3363
1-03.png,0.4164
1-02.png,0.4185
1-16.png,0.3351
1-12.png,0.3660
1-06.png,0.4009
1-07.png,0.3917
1-13.png,0.3547
1-05.png,0.4062
1-11.png,0.3724
1-10.png,0.3826
1-04.png,0.4147
1-42.png,0.3632
1-43.png,0.3661
1-41.png,0.3608
1-40.png,0.3600
1-50.png,0.3751
1-44.png,0.3694
1-45.png,0.3703
1-51.png,0.3757
1-47.png,0.3732
1-46.png,0.3708
1-21.png,0.3757
1-35.png,0.3312
1-09.png,0.4074
1-08.png,0.4095
1-34.png,0.3262
1-20.png,0.3777
1-36.png,0.3325
1-22.png,0.3681
1-23.png,0.3585
1-37.png,0.3370
1-33.png,0.3253
1-27.png,0.3399
1-26.png,0.3453
1-32.png,0.3220
1-18.png,0.3798
1-24.png,0.3587
1-30.png,0.3296
1-31.png,0.3260
1-25.png,0.3561
1-19.png,0.3789
1-14.png,0.3881
1-28.png,0.3393
1-29.png,0.3339
1-15.png,0.3861
1-01.png,0.4190
1-17.png,0.3852
1-03.png,0.4074
1-02.png,0.4118
1-16.png,0.3893
1-12.png,0.3991
1-06.png,0.4098
1-07.png,0.4094
1-13.png,0.3935
1-39.png,0.3530
1-05.png,0.4136
1-11.png,0.4008
1-10.png,0.4057
1-04.png,0.4097
1-38.png,0.3439
1-48.png,0.3755
1-49.png,0.3725
1-42.png,0.3245
1-56.png,0.3580
1-57.png,0.3639
1-43.png,0.3201
1-55.png,0.3597
1-41.png,0.3208
1-69.png,0.3718
1-68.png,0.3769
1-40.png,0.3157
1-54.png,0.3677
1-50.png,0.3467
1-44.png,0.3257
1-45.png,0.3296
1-51.png,0.3516
1-47.png,0.3373
1-53.png,0.3628
1-52.png,0.3577
1-46.png,0.3366
1-21.png,0.3483
1-35.png,0.3119
1-09.png,0.3871
1-08.png,0.3862
1-34.png,0.3154
1-20.png,0.3527
1-36.png,0.3019
1-22.png,0.3422
1-23.png,0.3410
1-37.png,0.3013
1-33.png,0.3194
1-27.png,0.3277
1-26.png,0.3295
1-32.png,0.3224
1-18.png,0.3567
1-24.png,0.3354
1-30.png,0.3213
1-31.png,0.3203
1-25.png,0.3331
1-19.png,0.3530
1-14.png,0.3760
1-28.png,0.3255
1-29.png,0.3252
1-15.png,0.3677
1-01.png,0.3878
1-17.png,0.3597
1-03.png,0.3921
1-02.png,0.3897
1-16.png,0.3665
1-12.png,0.3839
1-06.png,0.3930
1-07.png,0.3870
1-13.png,0.3761
1-39.png,0.3088
1-05.png,0.3901
1-11.png,0.3848
1-10.png,0.3865
1-04.png,0.3878
1-38.png,0.3036
1-63.png,0.3717
1-62.png,0.3696
1-60.png,0.3671
1-48.png,0.3411
1-49.png,0.3452
1-61.png,0.3695
1-59.png,0.3682
1-71.png,0.3746
1-65.png,0.3758
1-64.png,0.3721
1-70.png,0.3728
1-58.png,0.3674
1-66.png,0.3733
1-67.png,0.3723
1-42.png,0.3305
1-56.png,0.3632
1-57.png,0.3663
1-43.png,0.3320
1-55.png,0.3602
1-41.png,0.3251
1-69.png,0.3792
1-68.png,0.3701
1-40.png,0.3277
1-54.png,0.3600
1-50.png,0.3587
1-44.png,0.3388
1-45.png,0.3433
1-51.png,0.3609
1-47.png,0.3529
1-53.png,0.3593
1-52.png,0.3620
1-46.png,0.3463
1-21.png,0.3498
1-35.png,0.3131
1-09.png,0.3870
1-08.png,0.3871
1-34.png,0.3128
1-20.png,0.3558
1-36.png,0.3149
1-22.png,0.3461
1-23.png,0.3398
1-37.png,0.3182
1-33.png,0.3161
1-27.png,0.3297
1-26.png,0.3295
1-32.png,0.3222
1-18.png,0.3554
1-24.png,0.3379
1-30.png,0.3196
1-31.png,0.3185
1-25.png,0.3324
1-19.png,0.3553
1-14.png,0.3756
1-28.png,0.3232
1-29.png,0.3206
1-15.png,0.3708
1-01.png,0.3899
1-17.png,0.3619
1-03.png,0.3897
1-02.png,0.3902
1-16.png,0.3670
1-12.png,0.3827
1-06.png,0.3945
1-07.png,0.3878
1-13.png,0.3775
1-39.png,0.3219
1-05.png,0.3914
1-11.png,0.3861
1-10.png,0.3861
1-04.png,0.3920
1-38.png,0.3218
1-63.png,0.3705
1-62.png,0.3684
1-60.png,0.3651
1-48.png,0.3549
1-49.png,0.3574
1-61.png,0.3744
1-59.png,0.3675
1-65.png,0.3702
1-64.png,0.3711
1-58.png,0.3648
1-66.png,0.3713
1-67.png,0.3678
1-21.png,0.3732
1-09.png,0.3709
1-08.png,0.3765
1-20.png,0.3660
1-22.png,0.3801
1-23.png,0.3794
1-27.png,0.3672
1-26.png,0.3761
1-18.png,0.3579
1-24.png,0.3738
1-25.png,0.3848
1-19.png,0.3496
1-14.png,0.3532
1-28.png,0.3703
1-15.png,0.3416
1-01.png,0.4313
1-17.png,0.3414
1-03.png,0.4259
1-02.png,0.4264
1-16.png,0.3540
1-12.png,0.3676
1-06.png,0.3985
1-07.png,0.3827
1-13.png,0.3612
1-05.png,0.4193
1-11.png,0.3692
1-10.png,0.3761
1-04.png,0.4316
1-42.png,0.3680
1-56.png,0.3697
1-43.png,0.3660
1-55.png,0.3647
1-41.png,0.3656
1-40.png,0.3591
1-54.png,0.3628
1-50.png,0.3819
1-44.png,0.3696
1-45.png,0.3714
1-51.png,0.3764
1-47.png,0.3708
1-53.png,0.3655
1-52.png,0.3711
1-46.png,0.3709
1-21.png,0.3718
1-35.png,0.3535
1-09.png,0.4154
1-08.png,0.4260
1-34.png,0.3416
1-20.png,0.3770
1-36.png,0.3555
1-22.png,0.3631
1-23.png,0.3627
1-37.png,0.3436
1-33.png,0.3360
1-27.png,0.3477
1-26.png,0.3519
1-32.png,0.3434
1-18.png,0.3653
1-24.png,0.3683
1-30.png,0.3352
1-31.png,0.3508
1-25.png,0.3624
1-19.png,0.3746
1-14.png,0.3778
1-28.png,0.3457
1-29.png,0.3375
1-15.png,0.3735
1-01.png,0.4213
1-17.png,0.3690
1-03.png,0.4218
1-02.png,0.4224
1-16.png,0.3761
1-12.png,0.4007
1-06.png,0.4299
1-07.png,0.4265
1-13.png,0.3907
1-39.png,0.3628
1-05.png,0.4266
1-11.png,0.4010
1-10.png,0.4131
1-04.png,0.4264
1-38.png,0.3539
1-48.png,0.3660
1-49.png,0.3780
1-42.png,0.3581
1-43.png,0.3636
1-41.png,0.3523
1-40.png,0.3525
1-54.png,0.3722
1-50.png,0.3689
1-44.png,0.3643
1-45.png,0.3700
1-51.png,0.3696
1-47.png,0.3701
1-53.png,0.3726
1-52.png,0.3674
1-46.png,0.3720
1-21.png,0.3562
1-35.png,0.3403
1-09.png,0.4025
1-08.png,0.4103
1-34.png,0.3327
1-20.png,0.3598
1-36.png,0.3391
1-22.png,0.3566
1-23.png,0.3628
1-37.png,0.3386
1-33.png,0.3295
1-27.png,0.3393
1-26.png,0.3389
1-32.png,0.3252
1-18.png,0.3646
1-24.png,0.3522
1-30.png,0.3329
1-31.png,0.3264
1-25.png,0.3456
1-19.png,0.3620
1-14.png,0.3761
1-28.png,0.3342
1-29.png,0.3289
1-15.png,0.3713
1-01.png,0.4221
1-17.png,0.3656
1-03.png,0.4246
1-02.png,0.4248
1-16.png,0.3721
1-12.png,0.3821
1-06.png,0.4237
1-07.png,0.4173
1-13.png,0.3790
1-39.png,0.3492
1-05.png,0.4183
1-11.png,0.3959
1-10.png,0.4007
1-04.png,0.4203
1-38.png,0.3472
1-48.png,0.3722
1-49.png,0.3769
1-21.png,0.3622
1-09.png,0.3693
1-08.png,0.3789
1-20.png,0.3582
1-22.png,0.3785
1-23.png,0.3804
1-27.png,0.3794
1-26.png,0.3753
1-18.png,0.3433
1-24.png,0.3806
1-25.png,0.3806
1-19.png,0.3469
1-14.png,0.3410
1-15.png,0.3390
1-01.png,0.4313
1-17.png,0.3357
1-03.png,0.4230
1-02.png,0.4277
1-16.png,0.3320
1-12.png,0.3658
1-06.png,0.3855
1-07.png,0.3787
1-13.png,0.3523
1-05.png,0.4041
1-11.png,0.3646
1-10.png,0.3669
1-04.png,0.4194
1-21.png,0.4128
1-09.png,0.3549
1-08.png,0.3575
1-20.png,0.4055
1-22.png,0.4215
1-23.png,0.4213
1-27.png,0.4005
1-26.png,0.4145
1-18.png,0.3856
1-24.png,0.4131
1-30.png,0.3775
1-25.png,0.4118
1-19.png,0.3989
1-14.png,0.3830
1-28.png,0.3920
1-29.png,0.4027
1-15.png,0.3817
1-01.png,0.4261
1-17.png,0.3857
1-03.png,0.3836
1-02.png,0.4101
1-16.png,0.3714
1-12.png,0.3813
1-06.png,0.3381
1-07.png,0.3441
1-13.png,0.3738
1-05.png,0.3378
1-11.png,0.3892
1-10.png,0.3847
1-04.png,0.3560
1-42.png,0.4035
1-56.png,0.3979
1-57.png,0.3968
1-43.png,0.4059
1-55.png,0.4005
1-41.png,0.4017
1-40.png,0.4024
1-54.png,0.4005
1-50.png,0.4183
1-44.png,0.4097
1-45.png,0.4059
1-51.png,0.4164
1-47.png,0.4205
1-53.png,0.4092
1-52.png,0.4094
1-46.png,0.4182
1-21.png,0.3705
1-35.png,0.3723
1-09.png,0.3522
1-08.png,0.3647
1-34.png,0.3697
1-20.png,0.3567
1-36.png,0.3786
1-22.png,0.3724
1-23.png,0.3806
1-37.png,0.3770
1-33.png,0.3663
1-27.png,0.3724
1-26.png,0.3766
1-32.png,0.3790
1-18.png,0.3486
1-24.png,0.3826
1-30.png,0.3802
1-31.png,0.3743
1-25.png,0.3817
1-19.png,0.3469
1-14.png,0.3263
1-28.png,0.3765
1-29.png,0.3728
1-15.png,0.3326
1-01.png,0.4258
1-17.png,0.3480
1-03.png,0.4220
1-02.png,0.4267
1-16.png,0.3395
1-12.png,0.3255
1-06.png,0.3998
1-07.png,0.3783
1-13.png,0.3259
1-39.png,0.3909
1-05.png,0.4101
1-11.png,0.3289
1-10.png,0.3443
1-04.png,0.4203
1-38.png,0.3796
1-62.png,0.3690
1-60.png,0.3930
1-48.png,0.4137
1-49.png,0.4134
1-61.png,0.3818
1-59.png,0.3822
1-58.png,0.3750
1-42.png,0.3467
1-56.png,0.3826
1-57.png,0.3903
1-43.png,0.3534
1-55.png,0.3800
1-41.png,0.3356
1-40.png,0.3199
1-54.png,0.3807
1-50.png,0.3737
1-44.png,0.3502
1-45.png,0.3604
1-51.png,0.3667
1-47.png,0.3597
1-53.png,0.3798
1-52.png,0.3701
1-46.png,0.3677
1-21.png,0.3711
1-35.png,0.3110
1-09.png,0.4109
1-08.png,0.4165
1-34.png,0.3114
1-20.png,0.3811
1-36.png,0.3110
1-22.png,0.3697
1-23.png,0.3710
1-37.png,0.3102
1-33.png,0.3087
1-27.png,0.3512
1-26.png,0.3630
1-32.png,0.3054
1-18.png,0.3837
1-24.png,0.3719
1-30.png,0.3275
1-31.png,0.3187
1-25.png,0.3631
1-19.png,0.3845
1-14.png,0.3982
1-28.png,0.3418
1-29.png,0.3294
1-15.png,0.3958
1-01.png,0.4408
1-17.png,0.3893
1-03.png,0.4260
1-02.png,0.4335
1-16.png,0.4013
1-12.png,0.4111
1-06.png,0.4186
1-07.png,0.4142
1-13.png,0.4097
1-39.png,0.3222
1-05.png,0.4231
1-11.png,0.4030
1-10.png,0.3990
1-04.png,0.4247
1-38.png,0.3174
1-48.png,0.3649
1-49.png,0.3677
1-21.png,0.3547
1-09.png,0.3822
1-08.png,0.3973
1-20.png,0.3327
1-22.png,0.3594
1-23.png,0.3699
1-27.png,0.3904
1-26.png,0.3815
1-18.png,0.3169
1-24.png,0.3762
1-25.png,0.3751
1-19.png,0.3284
1-14.png,0.3463
1-28.png,0.3926
1-15.png,0.3307
1-01.png,0.4403
1-17.png,0.3231
1-03.png,0.4238
1-02.png,0.4349
1-16.png,0.3099
1-12.png,0.3720
1-06.png,0.4063
1-07.png,0.3992
1-13.png,0.3650
1-05.png,0.4095
1-11.png,0.3727
1-10.png,0.3812
1-04.png,0.4188
1-42.png,0.3614
1-43.png,0.3714
1-41.png,0.3580
1-40.png,0.3431
1-50.png,0.3981
1-44.png,0.3634
1-45.png,0.3826
1-51.png,0.4105
1-47.png,0.4047
1-52.png,0.4142
1-46.png,0.3899
1-21.png,0.3633
1-35.png,0.3203
1-09.png,0.4287
1-08.png,0.4224
1-34.png,0.3142
1-20.png,0.3652
1-36.png,0.3167
1-22.png,0.3629
1-23.png,0.3630
1-37.png,0.3299
1-33.png,0.3108
1-27.png,0.3430
1-26.png,0.3461
1-32.png,0.3152
1-18.png,0.3751
1-24.png,0.3614
1-30.png,0.3325
1-31.png,0.3167
1-25.png,0.3535
1-19.png,0.3683
1-14.png,0.3978
1-28.png,0.3392
1-29.png,0.3371
1-15.png,0.3924
1-01.png,0.4421
1-17.png,0.3822
1-03.png,0.4435
1-02.png,0.4531
1-16.png,0.3833
1-12.png,0.4086
1-06.png,0.4376
1-07.png,0.4290
1-13.png,0.4044
1-39.png,0.3304
1-05.png,0.4462
1-11.png,0.4150
1-10.png,0.4202
1-04.png,0.4476
1-38.png,0.3312
1-48.png,0.4084
1-49.png,0.4032
1-21.png,0.3717
1-09.png,0.3688
1-08.png,0.3782
1-20.png,0.3631
1-22.png,0.3852
1-23.png,0.3992
1-18.png,0.3383
1-24.png,0.3897
1-25.png,0.4036
1-19.png,0.3370
1-14.png,0.3380
1-15.png,0.3282
1-01.png,0.4450
1-17.png,0.3278
1-03.png,0.4249
1-02.png,0.4340
1-16.png,0.3189
1-12.png,0.3557
1-06.png,0.3967
1-07.png,0.3863
1-13.png,0.3453
1-05.png,0.4117
1-11.png,0.3681
1-10.png,0.3674
1-04.png,0.4216
1-42.png,0.3314
1-56.png,0.3868
1-57.png,0.3967
1-43.png,0.3453
1-55.png,0.3851
1-41.png,0.3244
1-40.png,0.3225
1-54.png,0.3904
1-50.png,0.3916
1-44.png,0.3557
1-45.png,0.3617
1-51.png,0.3953
1-47.png,0.3745
1-53.png,0.3986
1-52.png,0.3927
1-46.png,0.3745
1-21.png,0.3660
1-35.png,0.3193
1-09.png,0.4391
1-08.png,0.4471
1-34.png,0.3253
1-20.png,0.3740
1-36.png,0.3132
1-22.png,0.3731
1-23.png,0.3665
1-37.png,0.3120
1-33.png,0.3299
1-27.png,0.3491
1-26.png,0.3495
1-32.png,0.3278
1-18.png,0.3923
1-24.png,0.3605
1-30.png,0.3257
1-31.png,0.3324
1-25.png,0.3543
1-19.png,0.3821
1-14.png,0.4115
1-28.png,0.3418
1-29.png,0.3387
1-15.png,0.4006
1-01.png,0.4535
1-17.png,0.3932
1-03.png,0.4506
1-02.png,0.4526
1-16.png,0.3922
1-12.png,0.4205
1-06.png,0.4493
1-07.png,0.4433
1-13.png,0.4164
1-39.png,0.3158
1-05.png,0.4487
1-11.png,0.4300
1-10.png,0.4362
1-04.png,0.4522
1-38.png,0.3113
1-62.png,0.3849
1-60.png,0.3869
1-48.png,0.3773
1-49.png,0.3831
1-61.png,0.3838
1-59.png,0.3952
1-58.png,0.3985
1-42.png,0.3811
1-56.png,0.3666
1-57.png,0.3644
1-43.png,0.3813
1-55.png,0.3718
1-41.png,0.3770
1-40.png,0.3821
1-54.png,0.3669
1-50.png,0.3854
1-44.png,0.3825
1-45.png,0.3856
1-51.png,0.3817
1-47.png,0.3792
1-53.png,0.3731
1-52.png,0.3801
1-46.png,0.3838
1-21.png,0.3223
1-35.png,0.3647
1-09.png,0.3901
1-08.png,0.3938
1-34.png,0.3632
1-20.png,0.3222
1-36.png,0.3693
1-22.png,0.3182
1-23.png,0.3233
1-37.png,0.3704
1-33.png,0.3587
1-27.png,0.3418
1-26.png,0.3365
1-32.png,0.3570
1-18.png,0.3266
1-24.png,0.3238
1-30.png,0.3528
1-31.png,0.3522
1-25.png,0.3228
1-19.png,0.3213
1-14.png,0.3495
1-28.png,0.3433
1-29.png,0.3463
1-15.png,0.3480
1-01.png,0.4149
1-17.png,0.3289
1-03.png,0.4174
1-02.png,0.4183
1-16.png,0.3445
1-12.png,0.3730
1-06.png,0.3989
1-07.png,0.3931
1-13.png,0.3657
1-39.png,0.3793
1-05.png,0.4092
1-11.png,0.3683
1-10.png,0.3775
1-04.png,0.4138
1-38.png,0.3699
1-48.png,0.3831
1-49.png,0.3859
1-58.png,0.3560
1-21.png,0.3739
1-09.png,0.3268
1-08.png,0.3472
1-20.png,0.3698
1-22.png,0.3757
1-23.png,0.3819
1-27.png,0.3742
1-26.png,0.3780
1-18.png,0.3614
1-24.png,0.3812
1-25.png,0.3816
1-19.png,0.3655
1-14.png,0.3435
1-28.png,0.3706
1-29.png,0.3687
1-15.png,0.3516
1-01.png,0.4152
1-17.png,0.3634
1-03.png,0.3967
1-02.png,0.4124
1-16.png,0.3566
1-12.png,0.3250
1-06.png,0.3703
1-07.png,0.3597
1-13.png,0.3335
1-05.png,0.3829
1-11.png,0.3208
1-10.png,0.3203
1-04.png,0.3877
1-21.png,0.3552
1-09.png,0.3760
1-08.png,0.3893
1-20.png,0.3343
1-22.png,0.3670
1-23.png,0.3699
1-27.png,0.3780
1-26.png,0.3879
1-18.png,0.3142
1-24.png,0.3779
1-30.png,0.3765
1-25.png,0.3879
1-19.png,0.3241
1-14.png,0.3339
1-28.png,0.3829
1-29.png,0.3839
1-15.png,0.3336
1-01.png,0.4478
1-17.png,0.3190
1-03.png,0.4460
1-02.png,0.4524
1-16.png,0.3304
1-12.png,0.3547
1-06.png,0.4150
1-07.png,0.3982
1-13.png,0.3494
1-05.png,0.4256
1-11.png,0.3653
1-10.png,0.3687
1-04.png,0.4389
1-21.png,0.3602
1-09.png,0.3434
1-08.png,0.3423
1-20.png,0.3518
1-22.png,0.3457
1-23.png,0.3574
1-18.png,0.3504
1-24.png,0.3529
1-19.png,0.3533
1-14.png,0.3354
1-15.png,0.3346
1-01.png,0.4316
1-17.png,0.3562
1-03.png,0.4205
1-02.png,0.4269
1-16.png,0.3364
1-12.png,0.3310
1-06.png,0.3662
1-07.png,0.3478
1-13.png,0.3294
1-05.png,0.3892
1-11.png,0.3341
1-10.png,0.3345
1-04.png,0.4120
1-42.png,0.3495
1-43.png,0.3445
1-41.png,0.3511
1-40.png,0.3508
1-50.png,0.3593
1-44.png,0.3446
1-45.png,0.3460
1-47.png,0.3458
1-46.png,0.3438
1-21.png,0.3390
1-35.png,0.3529
1-09.png,0.4134
1-08.png,0.4254
1-34.png,0.3461
1-20.png,0.3510
1-36.png,0.3605
1-22.png,0.3367
1-23.png,0.3348
1-37.png,0.3420
1-33.png,0.3426
1-27.png,0.3276
1-26.png,0.3351
1-32.png,0.3372
1-18.png,0.3492
1-24.png,0.3276
1-30.png,0.3339
1-31.png,0.3360
1-25.png,0.3280
1-19.png,0.3513
1-14.png,0.3590
1-28.png,0.3349
1-29.png,0.3331
1-15.png,0.3488
1-01.png,0.4186
1-17.png,0.3485
1-03.png,0.4301
1-02.png,0.4261
1-16.png,0.3502
1-12.png,0.3809
1-06.png,0.4240
1-07.png,0.4238
1-13.png,0.3693
1-39.png,0.3461
1-05.png,0.4302
1-11.png,0.3967
1-10.png,0.4068
1-04.png,0.4244
1-38.png,0.3469
1-48.png,0.3604
1-49.png,0.3540
1-42.png,0.3510
1-43.png,0.3580
1-41.png,0.3570
1-40.png,0.3602
1-50.png,0.3830
1-44.png,0.3721
1-45.png,0.3786
1-51.png,0.3838
1-47.png,0.3801
1-53.png,0.3764
1-52.png,0.3834
1-46.png,0.3801
1-21.png,0.3559
1-35.png,0.3108
1-09.png,0.4281
1-08.png,0.4263
1-34.png,0.3168
1-20.png,0.3577
1-36.png,0.3230
1-22.png,0.3496
1-23.png,0.3442
1-37.png,0.3353
1-33.png,0.3046
1-27.png,0.3366
1-26.png,0.3388
1-32.png,0.3036
1-18.png,0.3687
1-24.png,0.3422
1-30.png,0.3088
1-31.png,0.3091
1-25.png,0.3398
1-19.png,0.3639
1-14.png,0.3956
1-28.png,0.3284
1-29.png,0.3226
1-15.png,0.3905
1-01.png,0.4413
1-17.png,0.3710
1-03.png,0.4436
1-02.png,0.4406
1-16.png,0.3804
1-12.png,0.4129
1-06.png,0.4435
1-07.png,0.4430
1-13.png,0.4030
1-39.png,0.3441
1-05.png,0.4444
1-11.png,0.4212
1-10.png,0.4257
1-04.png,0.4451
1-38.png,0.3423
1-48.png,0.3829
1-49.png,0.3836
1-42.png,0.3503
1-43.png,0.3574
1-41.png,0.3516
1-40.png,0.3502
1-50.png,0.3781
1-44.png,0.3642
1-45.png,0.3735
1-51.png,0.3780
1-47.png,0.3764
1-53.png,0.3677
1-52.png,0.3758
1-46.png,0.3742
1-21.png,0.3572
1-35.png,0.3188
1-09.png,0.4177
1-08.png,0.4198
1-34.png,0.3140
1-20.png,0.3570
1-36.png,0.3249
1-22.png,0.3503
1-23.png,0.3454
1-37.png,0.3257
1-33.png,0.3069
1-27.png,0.3301
1-26.png,0.3341
1-32.png,0.2990
1-18.png,0.3704
1-24.png,0.3405
1-30.png,0.3107
1-31.png,0.3052
1-25.png,0.3344
1-19.png,0.3667
1-14.png,0.3894
1-28.png,0.3295
1-29.png,0.3213
1-15.png,0.3847
1-01.png,0.4369
1-17.png,0.3727
1-03.png,0.4378
1-02.png,0.4388
1-16.png,0.3789
1-12.png,0.4055
1-06.png,0.4377
1-07.png,0.4375
1-13.png,0.3947
1-39.png,0.3469
1-05.png,0.4395
1-11.png,0.4108
1-10.png,0.4143
1-04.png,0.4398
1-38.png,0.3388
1-48.png,0.3821
1-49.png,0.3791
1-3.png,0.4146
1-2.png,0.4208
1-1.png,0.4181
1-1.png,0.4274
1-42.png,0.3132
1-56.png,0.3248
1-57.png,0.3256
1-43.png,0.3108
1-55.png,0.3241
1-41.png,0.3093
1-40.png,0.2986
1-54.png,0.3284
1-50.png,0.3347
1-44.png,0.3224
1-45.png,0.3253
1-51.png,0.3408
1-47.png,0.3256
1-53.png,0.3331
1-52.png,0.3391
1-46.png,0.3291
1-21.png,0.2731
1-35.png,0.2705
1-09.png,0.3437
1-08.png,0.3520
1-34.png,0.2657
1-20.png,0.2795
1-36.png,0.2717
1-22.png,0.2638
1-23.png,0.2683
1-37.png,0.2822
1-33.png,0.2607
1-27.png,0.2569
1-26.png,0.2599
1-32.png,0.2543
1-18.png,0.2868
1-24.png,0.2678
1-30.png,0.2567
1-31.png,0.2484
1-25.png,0.2590
1-19.png,0.2837
1-14.png,0.3104
1-28.png,0.2626
1-29.png,0.2517
1-15.png,0.3030
1-01.png,0.3856
1-17.png,0.2966
1-03.png,0.3898
1-02.png,0.3911
1-16.png,0.2978
1-12.png,0.3249
1-06.png,0.3660
1-07.png,0.3611
1-13.png,0.3191
1-39.png,0.2898
1-05.png,0.3708
1-11.png,0.3322
1-10.png,0.3371
1-04.png,0.3807
1-38.png,0.2871
1-48.png,0.3237
1-49.png,0.3284
1-42.png,0.3091
1-56.png,0.3130
1-57.png,0.3153
1-43.png,0.3132
1-55.png,0.3175
1-41.png,0.3036
1-40.png,0.2910
1-54.png,0.3178
1-50.png,0.3215
1-44.png,0.3237
1-45.png,0.3225
1-51.png,0.3301
1-47.png,0.3174
1-53.png,0.3233
1-52.png,0.3289
1-46.png,0.3227
1-21.png,0.2681
1-35.png,0.2550
1-09.png,0.3400
1-08.png,0.3486
1-34.png,0.2557
1-20.png,0.2730
1-36.png,0.2652
1-22.png,0.2577
1-23.png,0.2558
1-37.png,0.2687
1-33.png,0.2474
1-27.png,0.2454
1-26.png,0.2496
1-32.png,0.2432
1-18.png,0.2825
1-24.png,0.2556
1-30.png,0.2429
1-31.png,0.2419
1-25.png,0.2466
1-19.png,0.2779
1-14.png,0.3074
1-28.png,0.2503
1-29.png,0.2402
1-15.png,0.3030
1-01.png,0.3771
1-17.png,0.2918
1-03.png,0.3805
1-02.png,0.3787
1-16.png,0.2971
1-12.png,0.3230
1-06.png,0.3642
1-07.png,0.3577
1-13.png,0.3138
1-39.png,0.2806
1-05.png,0.3668
1-11.png,0.3313
1-10.png,0.3356
1-04.png,0.3737
1-38.png,0.2750
1-48.png,0.3171
1-49.png,0.3194
1-42.png,0.3635
1-43.png,0.3613
1-41.png,0.3638
1-40.png,0.3610
1-44.png,0.3677
1-45.png,0.3732
1-47.png,0.3746
1-46.png,0.3716
1-21.png,0.3608
1-35.png,0.3579
1-09.png,0.3824
1-08.png,0.3898
1-34.png,0.3576
1-20.png,0.3587
1-36.png,0.3640
1-22.png,0.3556
1-23.png,0.3512
1-37.png,0.3673
1-33.png,0.3553
1-27.png,0.3461
1-26.png,0.3489
1-32.png,0.3572
1-18.png,0.3659
1-24.png,0.3473
1-30.png,0.3384
1-31.png,0.3445
1-25.png,0.3431
1-19.png,0.3682
1-14.png,0.3699
1-28.png,0.3397
1-29.png,0.3350
1-15.png,0.3687
1-01.png,0.4288
1-17.png,0.3713
1-03.png,0.4191
1-02.png,0.4280
1-16.png,0.3731
1-12.png,0.3730
1-06.png,0.4029
1-07.png,0.3942
1-13.png,0.3728
1-39.png,0.3619
1-05.png,0.4086
1-11.png,0.3762
1-10.png,0.3759
1-04.png,0.4103
1-38.png,0.3636
1-48.png,0.3559
1-21.png,0.3645
1-09.png,0.3878
1-08.png,0.3799
1-20.png,0.3673
1-22.png,0.3637
1-23.png,0.3613
1-26.png,0.3671
1-18.png,0.3607
1-24.png,0.3762
1-25.png,0.3666
1-19.png,0.3672
1-14.png,0.3481
1-15.png,0.3534
1-01.png,0.4542
1-17.png,0.3562
1-03.png,0.4261
1-02.png,0.4420
1-16.png,0.3406
1-12.png,0.3725
1-06.png,0.3848
1-07.png,0.3848
1-13.png,0.3596
1-05.png,0.3998
1-11.png,0.3780
1-10.png,0.3772
1-04.png,0.4159
1-21.png,0.3565
1-09.png,0.3879
1-08.png,0.3998
1-20.png,0.3544
1-22.png,0.3623
1-23.png,0.3677
1-27.png,0.3765
1-26.png,0.3728
1-18.png,0.3576
1-24.png,0.3666
1-30.png,0.3787
1-25.png,0.3725
1-19.png,0.3593
1-14.png,0.3543
1-28.png,0.3798
1-29.png,0.3822
1-15.png,0.3669
1-01.png,0.4226
1-17.png,0.3625
1-03.png,0.4103
1-02.png,0.4251
1-16.png,0.3650
1-12.png,0.3612
1-06.png,0.4104
1-07.png,0.4087
1-13.png,0.3610
1-05.png,0.4117
1-11.png,0.3678
1-10.png,0.3763
1-04.png,0.4084
1-42.png,0.3517
1-56.png,0.3903
1-57.png,0.3922
1-43.png,0.3540
1-55.png,0.3871
1-41.png,0.3498
1-40.png,0.3511
1-54.png,0.3867
1-50.png,0.3783
1-44.png,0.3503
1-45.png,0.3569
1-51.png,0.3785
1-47.png,0.3647
1-53.png,0.3789
1-52.png,0.3773
1-46.png,0.3605
1-21.png,0.3851
1-35.png,0.3635
1-09.png,0.4139
1-08.png,0.4132
1-34.png,0.3675
1-20.png,0.3922
1-36.png,0.3591
1-22.png,0.3798
1-23.png,0.3783
1-37.png,0.3574
1-33.png,0.3650
1-27.png,0.3683
1-26.png,0.3620
1-32.png,0.3653
1-18.png,0.3962
1-24.png,0.3721
1-30.png,0.3633
1-31.png,0.3658
1-25.png,0.3679
1-19.png,0.3940
1-14.png,0.4079
1-28.png,0.3615
1-29.png,0.3609
1-15.png,0.4031
1-01.png,0.4230
1-17.png,0.3994
1-03.png,0.4191
1-02.png,0.4213
1-16.png,0.4001
1-12.png,0.4153
1-06.png,0.4269
1-07.png,0.4306
1-13.png,0.4107
1-39.png,0.3548
1-05.png,0.4233
1-11.png,0.4102
1-10.png,0.4108
1-04.png,0.4218
1-38.png,0.3576
1-62.png,0.3874
1-60.png,0.4034
1-48.png,0.3640
1-49.png,0.3761
1-61.png,0.3955
1-59.png,0.3996
1-58.png,0.3958
1-42.png,0.4543
1-56.png,0.4586
1-57.png,0.4440
1-43.png,0.4543
1-55.png,0.4522
1-41.png,0.4482
1-40.png,0.4419
1-54.png,0.4551
1-50.png,0.4560
1-44.png,0.4738
1-45.png,0.4631
1-51.png,0.4593
1-47.png,0.4594
1-53.png,0.4564
1-52.png,0.4536
1-46.png,0.4619
1-21.png,0.3767
1-35.png,0.3931
1-09.png,0.4273
1-08.png,0.4309
1-34.png,0.3970
1-20.png,0.3692
1-36.png,0.4137
1-22.png,0.3928
1-23.png,0.3845
1-37.png,0.4052
1-33.png,0.4057
1-27.png,0.3669
1-26.png,0.3966
1-32.png,0.3966
1-18.png,0.3953
1-24.png,0.3728
1-30.png,0.3985
1-31.png,0.4023
1-25.png,0.3788
1-19.png,0.3850
1-14.png,0.4175
1-28.png,0.3826
1-29.png,0.3883
1-15.png,0.4055
1-01.png,0.4289
1-17.png,0.3837
1-03.png,0.4453
1-02.png,0.4367
1-16.png,0.3961
1-12.png,0.4202
1-06.png,0.4456
1-07.png,0.4503
1-13.png,0.4123
1-39.png,0.4173
1-05.png,0.4463
1-11.png,0.4208
1-10.png,0.4263
1-04.png,0.4478
1-38.png,0.4229
1-60.png,0.4540
1-48.png,0.4575
1-49.png,0.4621
1-61.png,0.4331
1-59.png,0.4481
1-58.png,0.4421
1-21.png,0.4282
1-09.png,0.3698
1-08.png,0.3742
1-20.png,0.4318
1-22.png,0.4446
1-23.png,0.4265
1-27.png,0.4216
1-26.png,0.4327
1-18.png,0.3931
1-24.png,0.4357
1-30.png,0.4340
1-25.png,0.4180
1-19.png,0.3966
1-14.png,0.3716
1-28.png,0.4279
1-29.png,0.4196
1-15.png,0.3868
1-01.png,0.4353
1-17.png,0.3898
1-03.png,0.4422
1-02.png,0.4503
1-16.png,0.3818
1-12.png,0.3625
1-06.png,0.4058
1-07.png,0.4011
1-13.png,0.3713
1-05.png,0.4171
1-11.png,0.3780
1-10.png,0.3562
1-04.png,0.4244
1-42.png,0.3811
1-56.png,0.3448
1-57.png,0.3643
1-43.png,0.3612
1-55.png,0.3616
1-41.png,0.3627
1-40.png,0.3834
1-54.png,0.3589
1-50.png,0.3638
1-44.png,0.3634
1-45.png,0.3702
1-51.png,0.3476
1-47.png,0.3763
1-53.png,0.3531
1-52.png,0.3711
1-46.png,0.3545
1-21.png,0.4090
1-35.png,0.3884
1-09.png,0.4135
1-08.png,0.4072
1-34.png,0.3951
1-20.png,0.4307
1-36.png,0.3723
1-22.png,0.4351
1-23.png,0.4093
1-37.png,0.3921
1-33.png,0.3961
1-27.png,0.4253
1-26.png,0.3952
1-32.png,0.4159
1-18.png,0.4158
1-24.png,0.4153
1-30.png,0.4116
1-31.png,0.3913
1-25.png,0.4199
1-19.png,0.4234
1-14.png,0.4147
1-28.png,0.3967
1-29.png,0.4069
1-15.png,0.4279
1-01.png,0.3993
1-17.png,0.4396
1-03.png,0.4080
1-02.png,0.4340
1-16.png,0.4058
1-12.png,0.4344
1-06.png,0.3989
1-07.png,0.4323
1-13.png,0.4097
1-39.png,0.3795
1-05.png,0.4245
1-11.png,0.4018
1-10.png,0.4266
1-04.png,0.4099
1-38.png,0.3731
1-62.png,0.3440
1-60.png,0.3539
1-48.png,0.3553
1-49.png,0.3567
1-61.png,0.3324
1-59.png,0.3461
1-58.png,0.3416
1-42.png,0.3776
1-56.png,0.3531
1-57.png,0.3596
1-43.png,0.3673
1-55.png,0.3590
1-41.png,0.3694
1-40.png,0.3812
1-54.png,0.3622
1-50.png,0.3613
1-44.png,0.3682
1-45.png,0.3709
1-51.png,0.3548
1-47.png,0.3717
1-53.png,0.3610
1-52.png,0.3642
1-46.png,0.3655
1-21.png,0.4179
1-35.png,0.3906
1-09.png,0.4129
1-08.png,0.4052
1-34.png,0.4009
1-20.png,0.4241
1-36.png,0.3810
1-22.png,0.4265
1-23.png,0.4121
1-37.png,0.3859
1-33.png,0.4032
1-27.png,0.4161
1-26.png,0.4074
1-32.png,0.4100
1-18.png,0.4198
1-24.png,0.4173
1-30.png,0.4082
1-31.png,0.4007
1-25.png,0.4163
1-19.png,0.4248
1-14.png,0.4158
1-28.png,0.4017
1-29.png,0.4124
1-15.png,0.4220
1-01.png,0.4022
1-17.png,0.4293
1-03.png,0.4074
1-02.png,0.4303
1-16.png,0.4150
1-12.png,0.4217
1-06.png,0.4004
1-07.png,0.4239
1-13.png,0.4089
1-39.png,0.3848
1-05.png,0.4210
1-11.png,0.4047
1-10.png,0.4192
1-04.png,0.4103
1-38.png,0.3819
1-62.png,0.3422
1-60.png,0.3545
1-48.png,0.3621
1-49.png,0.3644
1-61.png,0.3349
1-59.png,0.3522
1-58.png,0.3462
1-09.png,0.3863
1-08.png,0.3914
1-18.png,0.3836
1-14.png,0.3946
1-15.png,0.3964
1-01.png,0.3578
1-17.png,0.3942
1-03.png,0.3737
1-02.png,0.3631
1-16.png,0.3947
1-12.png,0.3894
1-06.png,0.3829
1-07.png,0.3878
1-13.png,0.3922
1-05.png,0.3831
1-11.png,0.3925
1-10.png,0.3844
1-04.png,0.3715
1-21.png,0.3983
1-35.png,0.3623
1-09.png,0.3736
1-08.png,0.3601
1-34.png,0.3648
1-20.png,0.3945
1-36.png,0.3614
1-22.png,0.3940
1-23.png,0.3963
1-37.png,0.3598
1-33.png,0.3680
1-27.png,0.3854
1-26.png,0.3883
1-32.png,0.3729
1-18.png,0.3873
1-24.png,0.3872
1-30.png,0.3753
1-31.png,0.3754
1-25.png,0.3843
1-19.png,0.3909
1-14.png,0.3894
1-28.png,0.3807
1-29.png,0.3763
1-15.png,0.3881
1-01.png,0.3267
1-17.png,0.3876
1-03.png,0.3372
1-02.png,0.3321
1-16.png,0.3860
1-12.png,0.3795
1-06.png,0.3539
1-07.png,0.3590
1-13.png,0.3913
1-05.png,0.3448
1-11.png,0.3854
1-10.png,0.3814
1-04.png,0.3372
1-38.png,0.3625
1-21.png,0.3988
1-09.png,0.3623
1-08.png,0.3730
1-20.png,0.3946
1-22.png,0.4078
1-23.png,0.4041
1-27.png,0.4028
1-26.png,0.3977
1-18.png,0.3648
1-24.png,0.4088
1-30.png,0.3823
1-25.png,0.4068
1-19.png,0.3847
1-14.png,0.3394
1-28.png,0.3919
1-29.png,0.3868
1-15.png,0.3463
1-01.png,0.4529
1-17.png,0.3648
1-03.png,0.4531
1-02.png,0.4504
1-16.png,0.3508
1-12.png,0.3361
1-06.png,0.3930
1-07.png,0.3806
1-13.png,0.3430
1-05.png,0.4164
1-11.png,0.3515
1-10.png,0.3563
1-04.png,0.4367
1-42.png,0.4068
1-56.png,0.3923
1-57.png,0.3930
1-43.png,0.4025
1-55.png,0.3992
1-41.png,0.4032
1-40.png,0.3990
1-54.png,0.3987
1-50.png,0.4015
1-44.png,0.4077
1-45.png,0.4030
1-51.png,0.4051
1-47.png,0.4028
1-53.png,0.4015
1-52.png,0.4016
1-46.png,0.4053
1-21.png,0.3577
1-35.png,0.3599
1-09.png,0.4448
1-08.png,0.4543
1-34.png,0.3515
1-20.png,0.3549
1-36.png,0.3607
1-22.png,0.3491
1-23.png,0.3340
1-37.png,0.3710
1-33.png,0.3476
1-27.png,0.3307
1-26.png,0.3291
1-32.png,0.3453
1-18.png,0.3688
1-24.png,0.3253
1-30.png,0.3394
1-31.png,0.3376
1-25.png,0.3255
1-19.png,0.3604
1-14.png,0.3936
1-28.png,0.3275
1-29.png,0.3295
1-15.png,0.3881
1-01.png,0.4656
1-17.png,0.3742
1-03.png,0.4584
1-02.png,0.4567
1-16.png,0.3851
1-12.png,0.4088
1-06.png,0.4463
1-07.png,0.4477
1-13.png,0.4001
1-39.png,0.3910
1-05.png,0.4560
1-11.png,0.4106
1-10.png,0.4272
1-04.png,0.4632
1-38.png,0.3741
1-60.png,0.3800
1-48.png,0.4093
1-49.png,0.4109
1-61.png,0.3803
1-59.png,0.3830
1-58.png,0.3898
1-42.png,0.3219
1-56.png,0.3792
1-57.png,0.3719
1-43.png,0.3229
1-55.png,0.3783
1-41.png,0.3213
1-40.png,0.3154
1-54.png,0.3583
1-50.png,0.3402
1-44.png,0.3312
1-45.png,0.3341
1-51.png,0.3522
1-47.png,0.3448
1-53.png,0.3531
1-52.png,0.3710
1-46.png,0.3388
1-21.png,0.3200
1-35.png,0.3079
1-09.png,0.3767
1-08.png,0.3775
1-34.png,0.3028
1-20.png,0.3146
1-36.png,0.2983
1-22.png,0.3178
1-23.png,0.3129
1-37.png,0.2978
1-33.png,0.2925
1-27.png,0.3041
1-26.png,0.3015
1-32.png,0.3062
1-18.png,0.3259
1-24.png,0.3036
1-30.png,0.3067
1-31.png,0.3075
1-25.png,0.3003
1-19.png,0.3197
1-14.png,0.3493
1-28.png,0.3066
1-29.png,0.3086
1-15.png,0.3468
1-01.png,0.3975
1-17.png,0.3261
1-03.png,0.3921
1-02.png,0.3981
1-16.png,0.3319
1-12.png,0.3641
1-06.png,0.3844
1-07.png,0.3825
1-13.png,0.3531
1-39.png,0.3164
1-05.png,0.3867
1-11.png,0.3726
1-10.png,0.3770
1-04.png,0.3904
1-38.png,0.3199
1-63.png,0.3531
1-62.png,0.3622
1-60.png,0.3656
1-48.png,0.3486
1-49.png,0.3541
1-61.png,0.3684
1-59.png,0.3747
1-64.png,0.3789
1-58.png,0.3717
1-21.png,0.2908
1-35.png,0.3296
1-09.png,0.3757
1-08.png,0.3729
1-34.png,0.3334
1-20.png,0.2980
1-36.png,0.3279
1-22.png,0.2916
1-23.png,0.2985
1-37.png,0.3300
1-33.png,0.3251
1-27.png,0.3204
1-26.png,0.3126
1-32.png,0.3280
1-18.png,0.3063
1-24.png,0.3026
1-30.png,0.3321
1-31.png,0.3260
1-25.png,0.3082
1-19.png,0.3054
1-14.png,0.3456
1-28.png,0.3230
1-29.png,0.3299
1-15.png,0.3391
1-01.png,0.3765
1-17.png,0.3176
1-03.png,0.3834
1-02.png,0.3809
1-16.png,0.3326
1-12.png,0.3671
1-06.png,0.3781
1-07.png,0.3717
1-13.png,0.3579
1-39.png,0.3309
1-05.png,0.3768
1-11.png,0.3732
1-10.png,0.3727
1-04.png,0.3799
1-38.png,0.3339
1-42.png,0.3210
1-56.png,0.3749
1-57.png,0.3748
1-43.png,0.3218
1-55.png,0.3805
1-41.png,0.3202
1-40.png,0.3168
1-54.png,0.3564
1-50.png,0.3407
1-44.png,0.3264
1-45.png,0.3330
1-51.png,0.3525
1-47.png,0.3451
1-53.png,0.3541
1-52.png,0.3700
1-46.png,0.3355
1-21.png,0.3226
1-35.png,0.3033
1-09.png,0.3708
1-08.png,0.3720
1-34.png,0.2991
1-20.png,0.3211
1-36.png,0.3060
1-22.png,0.3172
1-23.png,0.3116
1-37.png,0.3085
1-33.png,0.2986
1-27.png,0.3043
1-26.png,0.2991
1-32.png,0.3006
1-18.png,0.3245
1-24.png,0.3012
1-30.png,0.3027
1-31.png,0.3044
1-25.png,0.2979
1-19.png,0.3283
1-14.png,0.3465
1-28.png,0.3025
1-29.png,0.3094
1-15.png,0.3445
1-01.png,0.3993
1-17.png,0.3297
1-03.png,0.3929
1-02.png,0.3971
1-16.png,0.3340
1-12.png,0.3604
1-06.png,0.3804
1-07.png,0.3753
1-13.png,0.3505
1-39.png,0.3180
1-05.png,0.3845
1-11.png,0.3676
1-10.png,0.3706
1-04.png,0.3934
1-38.png,0.3195
1-63.png,0.3579
1-62.png,0.3680
1-60.png,0.3588
1-48.png,0.3480
1-49.png,0.3507
1-61.png,0.3706
1-59.png,0.3766
1-64.png,0.3720
1-58.png,0.3744
1-013.png,0.3940
1-007.png,0.3972
1-239.png,0.3737
1-211.png,0.3747
1-205.png,0.3798
1-167.png,0.3516
1-173.png,0.3564
1-198.png,0.3731
1-199.png,0.3746
1-172.png,0.3580
1-166.png,0.3530
1-204.png,0.3776
1-210.png,0.3727
1-238.png,0.3864
1-006.png,0.3977
1-012.png,0.3949
1-038.png,0.3844
1-004.png,0.3966
1-010.png,0.3967
1-206.png,0.3758
1-212.png,0.3809
1-158.png,0.3400
1-170.png,0.3560
1-164.png,0.3473
1-165.png,0.3535
1-171.png,0.3566
1-159.png,0.3430
1-213.png,0.3861
1-207.png,0.3753
1-011.png,0.3955
1-005.png,0.3971
1-039.png,0.3857
1-001.png,0.4006
1-015.png,0.3960
1-029.png,0.3924
1-203.png,0.3779
1-217.png,0.3814
1-175.png,0.3576
1-161.png,0.3455
1-149.png,0.3423
1-148.png,0.3402
1-160.png,0.3404
1-174.png,0.3576
1-216.png,0.3860
1-202.png,0.3822
1-028.png,0.3914
1-014.png,0.3941
1-016.png,0.3966
1-002.png,0.3998
1-214.png,0.3838
1-200.png,0.3775
1-228.png,0.3924
1-162.png,0.3459
1-176.png,0.3557
1-189.png,0.3675
1-188.png,0.3677
1-177.png,0.3564
1-163.png,0.3500
1-229.png,0.3929
1-201.png,0.3776
1-215.png,0.3831
1-003.png,0.3987
1-017.png,0.3950
1-058.png,0.3776
1-070.png,0.3661
1-064.png,0.3712
1-266.png,0.3811
1-138.png,0.3353
1-104.png,0.3387
1-110.png,0.3413
1-111.png,0.3413
1-105.png,0.3389
1-139.png,0.3374
1-267.png,0.3712
1-065.png,0.3686
1-071.png,0.3661
1-059.png,0.3768
1-067.png,0.3652
1-073.png,0.3578
1-098.png,0.3397
1-259.png,0.3678
1-265.png,0.3810
1-271.png,0.3748
1-113.png,0.3383
1-107.png,0.3363
1-106.png,0.3400
1-112.png,0.3386
1-270.png,0.3775
1-264.png,0.3826
1-258.png,0.3826
1-099.png,0.3388
1-072.png,0.3659
1-066.png,0.3682
1-062.png,0.3692
1-076.png,0.3623
1-089.png,0.3485
1-260.png,0.3823
1-248.png,0.3790
1-116.png,0.3343
1-102.png,0.3410
1-103.png,0.3392
1-117.png,0.3328
1-249.png,0.3804
1-261.png,0.3782
1-088.png,0.3457
1-077.png,0.3608
1-063.png,0.3704
1-075.png,0.3653
1-061.png,0.3706
1-049.png,0.3814
1-263.png,0.3797
1-101.png,0.3356
1-115.png,0.3367
1-129.png,0.3289
1-128.png,0.3338
1-114.png,0.3372
1-100.png,0.3383
1-262.png,0.3798
1-048.png,0.3829
1-060.png,0.3739
1-074.png,0.3573
1-079.png,0.3567
1-051.png,0.3766
1-045.png,0.3833
1-092.png,0.3474
1-086.png,0.3499
1-253.png,0.3802
1-247.png,0.3779
1-119.png,0.3314
1-125.png,0.3332
1-131.png,0.3334
1-130.png,0.3294
1-124.png,0.3325
1-118.png,0.3291
1-246.png,0.3816
1-252.png,0.3826
1-087.png,0.3496
1-093.png,0.3458
1-044.png,0.3836
1-050.png,0.3792
1-078.png,0.3598
1-046.png,0.3828
1-052.png,0.3783
1-085.png,0.3505
1-091.png,0.3462
1-244.png,0.3925
1-250.png,0.3849
1-132.png,0.3347
1-126.png,0.3366
1-127.png,0.3359
1-133.png,0.3373
1-251.png,0.3858
1-245.png,0.3891
1-090.png,0.3492
1-084.png,0.3512
1-053.png,0.3766
1-047.png,0.3795
1-043.png,0.3851
1-057.png,0.3763
1-080.png,0.3558
1-094.png,0.3443
1-241.png,0.3809
1-255.png,0.3756
1-269.png,0.3741
1-137.png,0.3359
1-123.png,0.3331
1-122.png,0.3323
1-136.png,0.3340
1-268.png,0.3758
1-254.png,0.3795
1-240.png,0.3856
1-095.png,0.3443
1-081.png,0.3532
1-056.png,0.3758
1-042.png,0.3836
1-054.png,0.3769
1-040.png,0.3844
1-068.png,0.3671
1-097.png,0.3429
1-083.png,0.3515
1-256.png,0.3765
1-242.png,0.3936
1-120.png,0.3305
1-134.png,0.3367
1-108.png,0.3362
1-109.png,0.3363
1-135.png,0.3299
1-121.png,0.3289
1-243.png,0.3911
1-257.png,0.3800
1-082.png,0.3518
1-096.png,0.3410
1-069.png,0.3652
1-041.png,0.3829
1-055.png,0.3770
1-032.png,0.3920
1-026.png,0.3910
1-218.png,0.3735
1-230.png,0.3882
1-224.png,0.3873
1-146.png,0.3335
1-152.png,0.3412
1-185.png,0.3591
1-191.png,0.3687
1-190.png,0.3677
1-184.png,0.3569
1-153.png,0.3394
1-147.png,0.3384
1-225.png,0.3880
1-231.png,0.3876
1-219.png,0.3867
1-027.png,0.3930
1-033.png,0.3889
1-019.png,0.3948
1-025.png,0.3912
1-031.png,0.3930
1-227.png,0.3913
1-233.png,0.3833
1-179.png,0.3573
1-151.png,0.3449
1-145.png,0.3399
1-192.png,0.3624
1-186.png,0.3624
1-187.png,0.3649
1-193.png,0.3635
1-144.png,0.3380
1-150.png,0.3429
1-178.png,0.3591
1-232.png,0.3836
1-226.png,0.3892
1-030.png,0.3920
1-024.png,0.3920
1-018.png,0.3950
1-020.png,0.3947
1-034.png,0.3877
1-008.png,0.3975
1-222.png,0.3875
1-236.png,0.3843
1-154.png,0.3418
1-140.png,0.3337
1-168.png,0.3538
1-197.png,0.3736
1-183.png,0.3567
1-182.png,0.3590
1-196.png,0.3721
1-169.png,0.3510
1-141.png,0.3371
1-155.png,0.3439
1-237.png,0.3911
1-223.png,0.3889
1-009.png,0.3965
1-035.png,0.3873
1-021.png,0.3920
1-037.png,0.3866
1-023.png,0.3902
1-235.png,0.3891
1-221.png,0.3843
1-209.png,0.3712
1-143.png,0.3340
1-157.png,0.3374
1-180.png,0.3590
1-194.png,0.3759
1-195.png,0.3761
1-181.png,0.3554
1-156.png,0.3403
1-142.png,0.3357
1-208.png,0.3710
1-220.png,0.3848
1-234.png,0.3901
1-022.png,0.3913
1-036.png,0.3880
1-013.png,0.3901
1-007.png,0.3932
1-239.png,0.3743
1-211.png,0.3749
1-205.png,0.3767
1-167.png,0.3526
1-173.png,0.3610
1-198.png,0.3731
1-199.png,0.3730
1-172.png,0.3614
1-166.png,0.3510
1-204.png,0.3736
1-210.png,0.3755
1-238.png,0.3869
1-006.png,0.3958
1-012.png,0.3916
1-038.png,0.3862
1-004.png,0.3954
1-010.png,0.3918
1-206.png,0.3767
1-212.png,0.3779
1-158.png,0.3419
1-170.png,0.3532
1-164.png,0.3502
1-165.png,0.3534
1-171.png,0.3565
1-159.png,0.3448
1-213.png,0.3808
1-207.png,0.3767
1-011.png,0.3914
1-005.png,0.3950
1-039.png,0.3849
1-001.png,0.3991
1-015.png,0.3917
1-029.png,0.3923
1-203.png,0.3759
1-217.png,0.3810
1-175.png,0.3610
1-161.png,0.3452
1-149.png,0.3400
1-148.png,0.3390
1-160.png,0.3440
1-174.png,0.3617
1-216.png,0.3815
1-202.png,0.3782
1-028.png,0.3934
1-014.png,0.3917
1-016.png,0.3930
1-002.png,0.3987
1-214.png,0.3792
1-200.png,0.3759
1-228.png,0.3847
1-162.png,0.3497
1-176.png,0.3584
1-189.png,0.3640
1-188.png,0.3632
1-177.png,0.3565
1-163.png,0.3520
1-229.png,0.3878
1-201.png,0.3792
1-215.png,0.3812
1-003.png,0.3972
1-017.png,0.3927
1-058.png,0.3739
1-070.png,0.3608
1-064.png,0.3660
1-266.png,0.3715
1-138.png,0.3369
1-104.png,0.3370
1-110.png,0.3403
1-111.png,0.3383
1-105.png,0.3400
1-139.png,0.3395
1-267.png,0.3692
1-065.png,0.3642
1-071.png,0.3609
1-059.png,0.3730
1-067.png,0.3610
1-073.png,0.3571
1-098.png,0.3360
1-259.png,0.3712
1-265.png,0.3702
1-271.png,0.3664
1-113.png,0.3361
1-107.png,0.3338
1-106.png,0.3363
1-112.png,0.3388
1-270.png,0.3681
1-264.png,0.3687
1-258.png,0.3804
1-099.png,0.3349
1-072.png,0.3611
1-066.png,0.3628
1-062.png,0.3670
1-076.png,0.3572
1-089.png,0.3434
1-260.png,0.3774
1-248.png,0.3864
1-116.png,0.3301
1-102.png,0.3369
1-103.png,0.3366
1-117.png,0.3283
1-249.png,0.3852
1-261.png,0.3741
1-088.png,0.3429
1-077.png,0.3561
1-063.png,0.3661
1-075.png,0.3598
1-061.png,0.3699
1-049.png,0.3786
1-263.png,0.3686
1-101.png,0.3359
1-115.png,0.3354
1-129.png,0.3283
1-128.png,0.3296
1-114.png,0.3367
1-100.png,0.3356
1-262.png,0.3727
1-048.png,0.3822
1-060.png,0.3719
1-074.png,0.3574
1-079.png,0.3540
1-051.png,0.3769
1-045.png,0.3818
1-092.png,0.3428
1-086.png,0.3447
1-253.png,0.3786
1-247.png,0.3855
1-119.png,0.3282
1-125.png,0.3352
1-131.png,0.3325
1-130.png,0.3296
1-124.png,0.3337
1-118.png,0.3272
1-246.png,0.3874
1-252.png,0.3805
1-087.png,0.3464
1-093.png,0.3424
1-044.png,0.3811
1-050.png,0.3764
1-078.png,0.3557
1-046.png,0.3807
1-052.png,0.3766
1-085.png,0.3445
1-091.png,0.3444
1-244.png,0.3870
1-250.png,0.3880
1-132.png,0.3336
1-126.png,0.3350
1-127.png,0.3332
1-133.png,0.3370
1-251.png,0.3867
1-245.png,0.3854
1-090.png,0.3452
1-084.png,0.3448
1-053.png,0.3732
1-047.png,0.3816
1-043.png,0.3809
1-057.png,0.3723
1-080.png,0.3514
1-094.png,0.3414
1-241.png,0.3819
1-255.png,0.3830
1-269.png,0.3723
1-137.png,0.3351
1-123.png,0.3328
1-122.png,0.3297
1-136.png,0.3361
1-268.png,0.3755
1-254.png,0.3807
1-240.png,0.3872
1-095.png,0.3413
1-081.png,0.3482
1-056.png,0.3727
1-042.png,0.3806
1-054.png,0.3737
1-040.png,0.3831
1-068.png,0.3607
1-097.png,0.3409
1-083.png,0.3465
1-256.png,0.3764
1-242.png,0.3871
1-120.png,0.3283
1-134.png,0.3346
1-108.png,0.3357
1-109.png,0.3347
1-135.png,0.3282
1-121.png,0.3279
1-243.png,0.3870
1-257.png,0.3792
1-082.png,0.3466
1-096.png,0.3410
1-069.png,0.3625
1-041.png,0.3829
1-055.png,0.3737
1-032.png,0.3914
1-026.png,0.3899
1-218.png,0.3743
1-230.png,0.3878
1-224.png,0.3834
1-146.png,0.3321
1-152.png,0.3452
1-185.png,0.3607
1-191.png,0.3680
1-190.png,0.3679
1-184.png,0.3612
1-153.png,0.3426
1-147.png,0.3387
1-225.png,0.3807
1-231.png,0.3900
1-219.png,0.3832
1-027.png,0.3931
1-033.png,0.3880
1-019.png,0.3918
1-025.png,0.3915
1-031.png,0.3935
1-227.png,0.3843
1-233.png,0.3859
1-179.png,0.3583
1-151.png,0.3456
1-145.png,0.3431
1-192.png,0.3621
1-186.png,0.3636
1-187.png,0.3620
1-193.png,0.3633
1-144.png,0.3410
1-150.png,0.3436
1-178.png,0.3584
1-232.png,0.3897
1-226.png,0.3832
1-030.png,0.3934
1-024.png,0.3909
1-018.png,0.3927
1-020.png,0.3917
1-034.png,0.3874
1-008.png,0.3936
1-222.png,0.3873
1-236.png,0.3858
1-154.png,0.3426
1-140.png,0.3376
1-168.png,0.3524
1-197.png,0.3765
1-183.png,0.3601
1-182.png,0.3588
1-196.png,0.3741
1-169.png,0.3515
1-141.png,0.3370
1-155.png,0.3439
1-237.png,0.3892
1-223.png,0.3856
1-009.png,0.3944
1-035.png,0.3871
1-021.png,0.3904
1-037.png,0.3867
1-023.png,0.3890
1-235.png,0.3931
1-221.png,0.3852
1-209.png,0.3750
1-143.png,0.3402
1-157.png,0.3379
1-180.png,0.3580
1-194.png,0.3755
1-195.png,0.3768
1-181.png,0.3582
1-156.png,0.3416
1-142.png,0.3373
1-208.png,0.3732
1-220.png,0.3834
1-234.png,0.3910
1-022.png,0.3882
1-036.png,0.3866
1-42.png,0.3544
1-56.png,0.3787
1-57.png,0.3796
1-43.png,0.3597
1-55.png,0.3743
1-41.png,0.3587
1-40.png,0.3572
1-54.png,0.3706
1-50.png,0.3757
1-44.png,0.3639
1-45.png,0.3702
1-51.png,0.3728
1-47.png,0.3677
1-53.png,0.3691
1-52.png,0.3746
1-46.png,0.3678
1-21.png,0.3790
1-35.png,0.3617
1-09.png,0.4378
1-08.png,0.4411
1-34.png,0.3691
1-20.png,0.3842
1-36.png,0.3568
1-22.png,0.3786
1-23.png,0.3756
1-37.png,0.3483
1-33.png,0.3664
1-27.png,0.3706
1-26.png,0.3753
1-32.png,0.3682
1-18.png,0.3973
1-24.png,0.3760
1-30.png,0.3728
1-31.png,0.3683
1-25.png,0.3762
1-19.png,0.3930
1-14.png,0.4131
1-28.png,0.3690
1-29.png,0.3770
1-15.png,0.4125
1-01.png,0.4476
1-17.png,0.4035
1-03.png,0.4303
1-02.png,0.4418
1-16.png,0.4098
1-12.png,0.4263
1-06.png,0.4460
1-07.png,0.4440
1-13.png,0.4222
1-39.png,0.3495
1-05.png,0.4425
1-11.png,0.4327
1-10.png,0.4330
1-04.png,0.4402
1-38.png,0.3498
1-48.png,0.3663
1-49.png,0.3704
1-42.png,0.3894
1-41.png,0.3882
1-40.png,0.3906
1-21.png,0.3875
1-35.png,0.3888
1-09.png,0.3748
1-08.png,0.3688
1-34.png,0.3882
1-20.png,0.3829
1-36.png,0.3891
1-22.png,0.3830
1-23.png,0.3829
1-37.png,0.3877
1-33.png,0.3906
1-27.png,0.3907
1-26.png,0.3838
1-32.png,0.3860
1-18.png,0.3760
1-24.png,0.3807
1-30.png,0.3818
1-31.png,0.3810
1-25.png,0.3814
1-19.png,0.3774
1-14.png,0.3743
1-28.png,0.3850
1-29.png,0.3832
1-15.png,0.3715
1-01.png,0.3506
1-17.png,0.3699
1-03.png,0.3595
1-02.png,0.3532
1-16.png,0.3736
1-12.png,0.3753
1-06.png,0.3565
1-07.png,0.3616
1-13.png,0.3753
1-39.png,0.3906
1-05.png,0.3608
1-11.png,0.3713
1-10.png,0.3724
1-04.png,0.3630
1-38.png,0.3918
1-42.png,0.3509
1-56.png,0.3661
1-57.png,0.3666
1-43.png,0.3522
1-55.png,0.3619
1-41.png,0.3509
1-40.png,0.3525
1-54.png,0.3620
1-50.png,0.3649
1-44.png,0.3574
1-45.png,0.3604
1-51.png,0.3663
1-47.png,0.3609
1-53.png,0.3650
1-52.png,0.3652
1-46.png,0.3615
1-21.png,0.3804
1-35.png,0.3525
1-09.png,0.4307
1-08.png,0.4302
1-34.png,0.3571
1-20.png,0.3878
1-36.png,0.3503
1-22.png,0.3778
1-23.png,0.3732
1-37.png,0.3450
1-33.png,0.3588
1-27.png,0.3668
1-26.png,0.3695
1-32.png,0.3607
1-18.png,0.4009
1-24.png,0.3736
1-30.png,0.3642
1-31.png,0.3610
1-25.png,0.3718
1-19.png,0.3958
1-14.png,0.4123
1-28.png,0.3663
1-29.png,0.3731
1-15.png,0.4124
1-01.png,0.4341
1-17.png,0.4053
1-03.png,0.4179
1-02.png,0.4293
1-16.png,0.4110
1-12.png,0.4204
1-06.png,0.4348
1-07.png,0.4300
1-13.png,0.4208
1-39.png,0.3445
1-05.png,0.4330
1-11.png,0.4214
1-10.png,0.4244
1-04.png,0.4281
1-38.png,0.3463
1-62.png,0.3720
1-60.png,0.3688
1-48.png,0.3581
1-49.png,0.3625
1-61.png,0.3698
1-59.png,0.3681
1-58.png,0.3718
1-42.png,0.3470
1-56.png,0.3631
1-57.png,0.3621
1-43.png,0.3459
1-55.png,0.3549
1-41.png,0.3466
1-40.png,0.3449
1-54.png,0.3560
1-50.png,0.3586
1-44.png,0.3506
1-45.png,0.3521
1-51.png,0.3587
1-47.png,0.3556
1-53.png,0.3550
1-52.png,0.3567
1-46.png,0.3521
1-21.png,0.3535
1-35.png,0.3429
1-09.png,0.3917
1-08.png,0.3844
1-34.png,0.3401
1-20.png,0.3576
1-36.png,0.3392
1-22.png,0.3504
1-23.png,0.3490
1-37.png,0.3399
1-33.png,0.3400
1-27.png,0.3467
1-26.png,0.3480
1-32.png,0.3393
1-18.png,0.3667
1-24.png,0.3473
1-30.png,0.3432
1-31.png,0.3461
1-25.png,0.3459
1-19.png,0.3622
1-14.png,0.3789
1-28.png,0.3458
1-29.png,0.3455
1-15.png,0.3709
1-01.png,0.4264
1-17.png,0.3671
1-03.png,0.4071
1-02.png,0.4260
1-16.png,0.3666
1-12.png,0.3826
1-06.png,0.3902
1-07.png,0.3906
1-13.png,0.3807
1-39.png,0.3434
1-05.png,0.3899
1-11.png,0.3856
1-10.png,0.3866
1-04.png,0.3946
1-38.png,0.3427
1-60.png,0.3471
1-48.png,0.3557
1-49.png,0.3578
1-61.png,0.3495
1-59.png,0.3486
1-58.png,0.3521
1-42.png,0.3486
1-56.png,0.3544
1-57.png,0.3522
1-43.png,0.3449
1-55.png,0.3513
1-41.png,0.3485
1-40.png,0.3476
1-54.png,0.3532
1-50.png,0.3554
1-44.png,0.3472
1-45.png,0.3489
1-51.png,0.3553
1-47.png,0.3522
1-53.png,0.3525
1-52.png,0.3539
1-46.png,0.3510
1-21.png,0.3553
1-35.png,0.3438
1-09.png,0.3888
1-08.png,0.3829
1-34.png,0.3417
1-20.png,0.3580
1-36.png,0.3427
1-22.png,0.3527
1-23.png,0.3508
1-37.png,0.3428
1-33.png,0.3422
1-27.png,0.3474
1-26.png,0.3491
1-32.png,0.3401
1-18.png,0.3658
1-24.png,0.3495
1-30.png,0.3435
1-31.png,0.3433
1-25.png,0.3481
1-19.png,0.3618
1-14.png,0.3751
1-28.png,0.3468
1-29.png,0.3470
1-15.png,0.3692
1-01.png,0.4250
1-17.png,0.3664
1-03.png,0.4041
1-02.png,0.4236
1-16.png,0.3644
1-12.png,0.3805
1-06.png,0.3878
1-07.png,0.3900
1-13.png,0.3781
1-39.png,0.3461
1-05.png,0.3876
1-11.png,0.3839
1-10.png,0.3834
1-04.png,0.3900
1-38.png,0.3455
1-60.png,0.3488
1-48.png,0.3526
1-49.png,0.3545
1-61.png,0.3475
1-59.png,0.3507
1-58.png,0.3491
1-42.png,0.4038
1-43.png,0.4023
1-41.png,0.4011
1-40.png,0.3957
1-50.png,0.3733
1-44.png,0.3767
1-45.png,0.3776
1-47.png,0.3776
1-46.png,0.3746
1-21.png,0.3815
1-35.png,0.3602
1-09.png,0.4104
1-08.png,0.4155
1-34.png,0.3588
1-20.png,0.3835
1-36.png,0.3617
1-22.png,0.3829
1-23.png,0.3793
1-37.png,0.3650
1-33.png,0.3546
1-27.png,0.3691
1-26.png,0.3714
1-32.png,0.3767
1-18.png,0.3874
1-24.png,0.3682
1-30.png,0.3644
1-31.png,0.3702
1-25.png,0.3705
1-19.png,0.3858
1-14.png,0.3859
1-28.png,0.3668
1-29.png,0.3686
1-15.png,0.3860
1-01.png,0.4208
1-17.png,0.3825
1-03.png,0.4138
1-02.png,0.4173
1-16.png,0.3826
1-12.png,0.3956
1-06.png,0.4181
1-07.png,0.4159
1-13.png,0.3871
1-39.png,0.3937
1-05.png,0.4195
1-11.png,0.3999
1-10.png,0.4054
1-04.png,0.4190
1-38.png,0.3680
1-48.png,0.3744
1-49.png,0.3746
1-013.png,0.3956
1-007.png,0.4131
1-239.png,0.3461
1-211.png,0.3570
1-205.png,0.3583
1-167.png,0.3451
1-173.png,0.3516
1-198.png,0.3586
1-199.png,0.3560
1-172.png,0.3495
1-166.png,0.3480
1-204.png,0.3597
1-210.png,0.3558
1-238.png,0.3455
1-006.png,0.4170
1-012.png,0.3957
1-038.png,0.3919
1-004.png,0.4221
1-010.png,0.4020
1-206.png,0.3606
1-212.png,0.3570
1-158.png,0.3513
1-170.png,0.3488
1-164.png,0.3500
1-165.png,0.3507
1-171.png,0.3494
1-159.png,0.3495
1-213.png,0.3636
1-207.png,0.3567
1-011.png,0.4005
1-005.png,0.4207
1-039.png,0.3881
1-001.png,0.4183
1-015.png,0.3908
1-029.png,0.3825
1-203.png,0.3598
1-217.png,0.3539
1-175.png,0.3520
1-161.png,0.3490
1-149.png,0.3432
1-148.png,0.3455
1-160.png,0.3486
1-174.png,0.3526
1-216.png,0.3486
1-202.png,0.3607
1-028.png,0.3829
1-014.png,0.3924
1-016.png,0.3898
1-002.png,0.4213
1-214.png,0.3564
1-200.png,0.3552
1-228.png,0.3490
1-162.png,0.3484
1-176.png,0.3514
1-189.png,0.3542
1-188.png,0.3532
1-177.png,0.3551
1-163.png,0.3511
1-229.png,0.3498
1-201.png,0.3595
1-215.png,0.3552
1-003.png,0.4232
1-017.png,0.3904
1-058.png,0.3705
1-070.png,0.3643
1-064.png,0.3684
1-138.png,0.3438
1-104.png,0.3497
1-110.png,0.3501
1-111.png,0.3487
1-105.png,0.3465
1-139.png,0.3435
1-065.png,0.3683
1-071.png,0.3642
1-059.png,0.3695
1-067.png,0.3706
1-073.png,0.3633
1-098.png,0.3463
1-113.png,0.3482
1-107.png,0.3470
1-106.png,0.3478
1-112.png,0.3484
1-099.png,0.3464
1-072.png,0.3658
1-066.png,0.3671
1-062.png,0.3694
1-076.png,0.3586
1-089.png,0.3481
1-116.png,0.3463
1-102.png,0.3501
1-103.png,0.3501
1-117.png,0.3475
1-088.png,0.3501
1-077.png,0.3577
1-063.png,0.3697
1-075.png,0.3574
1-061.png,0.3694
1-049.png,0.3852
1-101.png,0.3494
1-115.png,0.3471
1-129.png,0.3423
1-128.png,0.3428
1-114.png,0.3479
1-100.png,0.3471
1-048.png,0.3876
1-060.png,0.3675
1-074.png,0.3598
1-079.png,0.3576
1-051.png,0.3835
1-045.png,0.3859
1-092.png,0.3496
1-086.png,0.3511
1-119.png,0.3476
1-125.png,0.3427
1-131.png,0.3428
1-130.png,0.3418
1-124.png,0.3455
1-118.png,0.3472
1-087.png,0.3511
1-093.png,0.3493
1-044.png,0.3867
1-050.png,0.3862
1-078.png,0.3582
1-046.png,0.3884
1-052.png,0.3776
1-085.png,0.3511
1-091.png,0.3486
1-132.png,0.3425
1-126.png,0.3400
1-127.png,0.3410
1-133.png,0.3424
1-090.png,0.3481
1-084.png,0.3532
1-053.png,0.3783
1-047.png,0.3892
1-043.png,0.3869
1-057.png,0.3706
1-080.png,0.3550
1-094.png,0.3495
1-241.png,0.3477
1-137.png,0.3420
1-123.png,0.3498
1-122.png,0.3530
1-136.png,0.3439
1-240.png,0.3477
1-095.png,0.3504
1-081.png,0.3523
1-056.png,0.3702
1-042.png,0.3873
1-054.png,0.3783
1-040.png,0.3888
1-068.png,0.3700
1-097.png,0.3470
1-083.png,0.3523
1-120.png,0.3526
1-134.png,0.3438
1-108.png,0.3457
1-109.png,0.3470
1-135.png,0.3444
1-121.png,0.3502
1-082.png,0.3513
1-096.png,0.3489
1-069.png,0.3681
1-041.png,0.3886
1-055.png,0.3751
1-032.png,0.3858
1-026.png,0.3856
1-218.png,0.3560
1-230.png,0.3494
1-224.png,0.3628
1-146.png,0.3413
1-152.png,0.3464
1-185.png,0.3578
1-191.png,0.3557
1-190.png,0.3562
1-184.png,0.3587
1-153.png,0.3459
1-147.png,0.3450
1-225.png,0.3688
1-231.png,0.3524
1-219.png,0.3586
1-027.png,0.3854
1-033.png,0.3897
1-019.png,0.3903
1-025.png,0.3854
1-031.png,0.3853
1-227.png,0.3653
1-233.png,0.3486
1-179.png,0.3530
1-151.png,0.3452
1-145.png,0.3386
1-192.png,0.3559
1-186.png,0.3571
1-187.png,0.3553
1-193.png,0.3598
1-144.png,0.3402
1-150.png,0.3444
1-178.png,0.3538
1-232.png,0.3488
1-226.png,0.3620
1-030.png,0.3847
1-024.png,0.3872
1-018.png,0.3917
1-020.png,0.3896
1-034.png,0.3901
1-008.png,0.4088
1-222.png,0.3597
1-236.png,0.3465
1-154.png,0.3476
1-140.png,0.3430
1-168.png,0.3451
1-197.png,0.3600
1-183.png,0.3575
1-182.png,0.3555
1-196.png,0.3568
1-169.png,0.3476
1-141.png,0.3402
1-155.png,0.3494
1-237.png,0.3459
1-223.png,0.3638
1-009.png,0.4038
1-035.png,0.3904
1-021.png,0.3881
1-037.png,0.3849
1-023.png,0.3892
1-235.png,0.3466
1-221.png,0.3600
1-209.png,0.3549
1-143.png,0.3399
1-157.png,0.3494
1-180.png,0.3533
1-194.png,0.3590
1-195.png,0.3560
1-181.png,0.3538
1-156.png,0.3459
1-142.png,0.3398
1-208.png,0.3572
1-220.png,0.3649
1-234.png,0.3487
1-022.png,0.3892
1-036.png,0.3895
1-21.png,0.3896
1-09.png,0.3818
1-08.png,0.3821
1-20.png,0.3893
1-22.png,0.3860
1-23.png,0.3775
1-18.png,0.3605
1-24.png,0.3852
1-25.png,0.3719
1-19.png,0.3652
1-14.png,0.3724
1-15.png,0.3768
1-01.png,0.4236
1-17.png,0.3592
1-03.png,0.4206
1-02.png,0.4187
1-16.png,0.3837
1-12.png,0.3736
1-06.png,0.3982
1-07.png,0.3861
1-13.png,0.3748
1-05.png,0.4124
1-11.png,0.3795
1-10.png,0.3817
1-04.png,0.4239
1-21.png,0.4240
1-09.png,0.3431
1-08.png,0.3363
1-20.png,0.4352
1-22.png,0.4364
1-23.png,0.4356
1-26.png,0.4307
1-18.png,0.4203
1-24.png,0.4301
1-25.png,0.4322
1-19.png,0.4296
1-14.png,0.3888
1-15.png,0.3919
1-01.png,0.4401
1-17.png,0.4167
1-03.png,0.4534
1-02.png,0.4423
1-16.png,0.4064
1-12.png,0.3815
1-06.png,0.3715
1-07.png,0.3566
1-13.png,0.3826
1-05.png,0.3985
1-11.png,0.3690
1-10.png,0.3524
1-04.png,0.4349
1-42.png,0.4415
1-43.png,0.4416
1-41.png,0.4339
1-40.png,0.4298
1-54.png,0.4146
1-50.png,0.4291
1-44.png,0.4389
1-45.png,0.4440
1-51.png,0.4317
1-47.png,0.4412
1-53.png,0.4251
1-52.png,0.4224
1-46.png,0.4433
1-21.png,0.3489
1-35.png,0.4130
1-09.png,0.4321
1-08.png,0.4363
1-34.png,0.4046
1-20.png,0.3420
1-36.png,0.4151
1-22.png,0.3493
1-23.png,0.3608
1-37.png,0.4152
1-33.png,0.3980
1-27.png,0.3635
1-26.png,0.3649
1-32.png,0.3938
1-18.png,0.3296
1-24.png,0.3680
1-30.png,0.3910
1-31.png,0.3899
1-25.png,0.3711
1-19.png,0.3426
1-14.png,0.3570
1-28.png,0.3822
1-29.png,0.3829
1-15.png,0.3561
1-01.png,0.4390
1-17.png,0.3340
1-03.png,0.4363
1-02.png,0.4382
1-16.png,0.3427
1-12.png,0.3818
1-06.png,0.4359
1-07.png,0.4445
1-13.png,0.3608
1-39.png,0.4276
1-05.png,0.4346
1-11.png,0.4031
1-10.png,0.4148
1-04.png,0.4400
1-38.png,0.4196
1-48.png,0.4191
1-49.png,0.4365
